﻿{
  "Db.Organization.BusinessUnit.EntityPlural": "Đơn vị",
  "Db.Organization.BusinessUnit.EntitySingular": "Đơn vị",
  "Db.Organization.BusinessUnit.Name": "Tên",
  "Db.Organization.BusinessUnit.ParentUnitId": "Đơn vị cấp trên",
  "Db.Organization.BusinessUnit.ParentUnitName": "Tên đơn vị cấp trên",
  "Db.Organization.BusinessUnit.ParentUnitParentUnitId": "Đơn vị trên 2 cấp",
  "Db.Organization.BusinessUnit.UnitId": "Đơn vị",
  "Db.Organization.Contact.ContactId": "Liên hệ",
  "Db.Organization.Contact.Email": "Email",
  "Db.Organization.Contact.EntityPlural": "Liên hệ",
  "Db.Organization.Contact.EntitySingular": "Liên hệ",
  "Db.Organization.Contact.FirstName": "Tên",
  "Db.Organization.Contact.IdentityNo": "Số CMT",
  "Db.Organization.Contact.LastName": "Họ",
  "Db.Organization.Contact.Title": "Chức danh",
  "Db.Organization.Contact.UserDisplayName": "Tên hiển thị",
  "Db.Organization.Contact.UserEmail": "Email",
  "Db.Organization.Contact.UserId": "Người dùng",
  "Db.Organization.Contact.UserInsertDate": "Ngày thêm",
  "Db.Organization.Contact.UserInsertUserId": "Người thêm",
  "Db.Organization.Contact.UserIsActive": "Hoạt động",
  "Db.Organization.Contact.UserLastDirectoryUpdate": "Ngày cập nhật",
  "Db.Organization.Contact.UserPasswordHash": "Băm mật khẩu (Hash)",
  "Db.Organization.Contact.UserPasswordSalt": "Muối mật khẩu (Salt)",
  "Db.Organization.Contact.UserSource": "Nguồn",
  "Db.Organization.Contact.UserUpdateDate": "Ngày cập nhật",
  "Db.Organization.Contact.UserUpdateUserId": "Người cập nhật",
  "Db.Organization.Contact.UserUserImage": "Ảnh",
  "Db.Organization.Contact.UserUsername": "Tên người dùng",
  "Navigation.Organization": "Tổ chức",
  "Navigation.Organization/Business Units": "Đơn vị",
  "Navigation.Organization/Contacts": "Liên hệ"
}