{
    "Authorization.AccessDenied": "دسترسی کاربر شما برای اجرای درخواست رد شد!",
    "Authorization.NotLoggedIn": "برای اجرای درخواست شما نیاز به حق دسترسی است!",
    "Controls.ColumnPickerDialog.HiddenColumns": "ستون های غیرقابل مشاهده",
    "Controls.ColumnPickerDialog.HideHint": "مخفي",
    "Controls.ColumnPickerDialog.RestoreDefaults": "بازگردانی به مقادیر پیش فرض",
    "Controls.ColumnPickerDialog.ShowHint": "نمايش",
    "Controls.ColumnPickerDialog.Title": "انتخابگر ستون ها",
    "Controls.ColumnPickerDialog.VisibleColumns": "ستون های قابل مشاهده",
    "Controls.EntityDialog.ApplyChangesButton": "ثبت تغییرات",
    "Controls.EntityDialog.CloneButton": "کپی",
    "Controls.EntityDialog.DeleteButton": "حذف",
    "Controls.EntityDialog.DeleteConfirmation": "رکورد حذف شود ؟",
    "Controls.EntityDialog.EditRecordTitle": "ویرایش {0}{1}",
    "Controls.EntityDialog.LocalizationBack": "بازگشت",
    "Controls.EntityDialog.LocalizationButton": "بومی سازی",
    "Controls.EntityDialog.LocalizationConfirmation": "تغييرات ترجمه شده  ذخيره شود؟",
    "Controls.EntityDialog.NewRecordTitle": "{0} جدید",
    "Controls.EntityDialog.SaveButton": "ذخیره",
    "Controls.EntityDialog.SaveSuccessMessage": "با موفقیت ذخیره شد",
    "Controls.EntityDialog.UndeleteButton": "بازگردانی از حذف",
    "Controls.EntityDialog.UndeleteConfirmation": "بازگرداندن ركورد؟",
    "Controls.EntityDialog.UpdateButton": "بروزرسانی",
    "Controls.EntityGrid.IncludeDeletedToggle": "نمايش سوابق غيرفعال",
    "Controls.EntityGrid.NewButton": "{0} جدید",
    "Controls.EntityGrid.RefreshButton": "بازآوری",
    "Controls.FilterPanel.AddFilter": "افزودن فیلتر",
    "Controls.FilterPanel.All": "<همه>",
    "Controls.FilterPanel.And": "و",
    "Controls.FilterPanel.AndInParens": "(و)",
    "Controls.FilterPanel.ApplyGroups": "اعمال گروه بندی",
    "Controls.FilterPanel.ChangeAndOr": "برای جابجایی بین \"و\"و \"یا\"کلیک کنید",
    "Controls.FilterPanel.ClearGroups": "حذف گروه بندی",
    "Controls.FilterPanel.CurrentFilter": "فیلتر فعال : {0}",
    "Controls.FilterPanel.DialogTitle": "ویرایش فیلتر",
    "Controls.FilterPanel.EditFilter": "ویرایش فیلتر",
    "Controls.FilterPanel.EffectiveEmpty": "هیچکدام",
    "Controls.FilterPanel.EffectiveFilter": "فیلتر فعال :",
    "Controls.FilterPanel.FixErrorsMessage": "لطفا موارد دارای خطا به رنگ قرمز را بررسی نمایید",
    "Controls.FilterPanel.GroupBy": "--گروه--",
    "Controls.FilterPanel.InvalidDate": "تاریخ نامعتبر!",
    "Controls.FilterPanel.InvalidNumber": "شماره نامعتبر!",
    "Controls.FilterPanel.InvalidOperator": "عملگر نامعتبر",
    "Controls.FilterPanel.OperatorFormats.bw": "{0} بین{1} و {2} باشد",
    "Controls.FilterPanel.OperatorFormats.contains": "{0} شامل'{1}'",
    "Controls.FilterPanel.OperatorFormats.eq": "{0} = {1}",
    "Controls.FilterPanel.OperatorFormats.false": "{0} = خیر",
    "Controls.FilterPanel.OperatorFormats.ge": "{0} >= {1}",
    "Controls.FilterPanel.OperatorFormats.gt": "{0} > {1}",
    "Controls.FilterPanel.OperatorFormats.in": "{0} یکی از  [{1}] است.",
    "Controls.FilterPanel.OperatorFormats.isnotnull": "{0} تهی نباشد",
    "Controls.FilterPanel.OperatorFormats.isnull": "{0} تهی باشد",
    "Controls.FilterPanel.OperatorFormats.le": "{0} <= {1}",
    "Controls.FilterPanel.OperatorFormats.lt": "{0} < {1}",
    "Controls.FilterPanel.OperatorFormats.ne": "{0} <> {1}",
    "Controls.FilterPanel.OperatorFormats.startswith": "{0} آغاز شود با  '{1}",
    "Controls.FilterPanel.OperatorFormats.true": "{0} = بلی",
    "Controls.FilterPanel.OperatorNames.bw": "بین",
    "Controls.FilterPanel.OperatorNames.contains": "شامل",
    "Controls.FilterPanel.OperatorNames.eq": "برابر باشد با",
    "Controls.FilterPanel.OperatorNames.false": "خیر",
    "Controls.FilterPanel.OperatorNames.ge": "بزرگتر یا مساوی با",
    "Controls.FilterPanel.OperatorNames.gt": "بزرگتر از",
    "Controls.FilterPanel.OperatorNames.in": "در",
    "Controls.FilterPanel.OperatorNames.isnotnull": "تهی نباشد",
    "Controls.FilterPanel.OperatorNames.isnull": "تهی باشد",
    "Controls.FilterPanel.OperatorNames.le": "کوچکتر یا مساوی با",
    "Controls.FilterPanel.OperatorNames.lt": "کوچکتر از",
    "Controls.FilterPanel.OperatorNames.ne": "برابر نباشد با",
    "Controls.FilterPanel.OperatorNames.startswith": "شروع شود با",
    "Controls.FilterPanel.OperatorNames.true": "بلی",
    "Controls.FilterPanel.Or": "یا",
    "Controls.FilterPanel.OrInParens": "(یا)",
    "Controls.FilterPanel.RemoveField": "حذف عبارت",
    "Controls.FilterPanel.ResetButton": "بازنشانی",
    "Controls.FilterPanel.ResetFilterHint": "پاکسازی فیلترها",
    "Controls.FilterPanel.SearchButton": "اعمال فیلتر",
    "Controls.FilterPanel.SelectField": "--انتخاب فیلد--",
    "Controls.FilterPanel.ThenBy": "--سپس با--",
    "Controls.FilterPanel.ValueRequired": "یک مقدار مورد نیاز است!",
    "Controls.ImageUpload.AddFileButton": "فايل انتخابي",
    "Controls.ImageUpload.ColorboxClose": "بعدی",
    "Controls.ImageUpload.ColorboxCurrent": "عکس{current} / {total}",
    "Controls.ImageUpload.ColorboxNext": "بعدی",
    "Controls.ImageUpload.ColorboxPrior": "قبلی",
    "Controls.ImageUpload.DeleteButtonHint": "حذف",
    "Controls.ImageUpload.MaxHeight": "تصوير آپلود شده بايد زير {0} پيكسل در ارتفاع باشد",
    "Controls.ImageUpload.MaxWidth": "تصوير آپلود شده بايد زير{0} پيكسل در عرض باشد",
    "Controls.ImageUpload.MinHeight": "تصوير آپلود شده بايد حداقل {0}پيكسل در ارتفاع باشد",
    "Controls.ImageUpload.MinHieght": "تصوير آپلود شده بايد حداقل {0} پيكسل در ارتفاع باشد",
    "Controls.ImageUpload.MinWidth": "تصوير آپلود شده بايد حداقل {0} پيكسل در عرض باشد",
    "Controls.ImageUpload.NotAnImageFile": "فايل آپلود شده تصوير نيست",
    "Controls.ImageUpload.UploadFileTooBig": "فايل آپلود شده بايد كوچكتر از {0} باشد",
    "Controls.ImageUpload.UploadFileTooSmall": "فايل آپلود شده بايد حداقل {0} باشد",
    "Controls.Pager.DefaultLoadError": "خطايي در حال بارگزاري اطلاعات رخ داده است",
    "Controls.Pager.LoadingStatus": "لطفا صبر کنید، در حال بارگزاری داده ها...",
    "Controls.Pager.NoRowStatus": "رکوردی وجود ندارد",
    "Controls.Pager.Page": "صفحه",
    "Controls.Pager.PageStatus": "نمایش {from} تا {to} از {total} رکورد",
    "Controls.PropertyGrid.DefaultCategory": "مشخصات",
    "Controls.PropertyGrid.RequiredHint": "این فیلد مورد نیاز است",
    "Controls.QuickSearch.FieldSelection": "فیلدی که می خواهید بر روی آن جستجو کنید را انتخاب نمایید",
    "Controls.QuickSearch.Hint": "عبارت مورد نظر برای جستجو را وارد کنید...",
    "Controls.QuickSearch.Placeholder": "جستجو...",
    "Controls.SelectEditor.ClickToDefine": "*** برای تعریف یک مورد جدید کلیک کنید ***",
    "Controls.SelectEditor.EmptyItemText": "--انتخاب--",
    "Controls.SelectEditor.InplaceAdd": "جدید",
    "Controls.SelectEditor.InplaceEdit": "ویرایش",
    "Controls.SelectEditor.NoResultsClickToDefine": "*** نتیجه ای در بر نداشت ، برای تعریف یک مورد جدید کلیک کنید ***",
    "Dialogs.AlertTitle": "اخطار",
    "Dialogs.CancelButton": "انصراف",
    "Dialogs.ConfirmationTitle": "تائید",
    "Dialogs.InformationTitle": "اطلاعات",
    "Dialogs.MaximizeHint": "حداکثر",
    "Dialogs.NoButton": "خیر",
    "Dialogs.OkButton": "تائید",
    "Dialogs.RestoreHint": "Restore",
    "Dialogs.WarningTitle": "هشدار",
    "Dialogs.YesButton": "بلی",
    "Enums.CustomFieldType.Boolean": "منطقی",
    "Enums.CustomFieldType.Date": "تاریخ",
    "Enums.CustomFieldType.DateTime": "تاریخ-زمان",
    "Enums.CustomFieldType.Decimal": "عدد اعشار",
    "Enums.CustomFieldType.Int32": "عدد صحیح",
    "Enums.CustomFieldType.Int64": "عدد صحیح مضاعف",
    "Enums.CustomFieldType.String": "مقدار رشته ای"
}