﻿{
    "Controls.EntityDialog.ApplyChangesButton": "应用更改",
    "Controls.EntityDialog.CloneButton": "复制",
    "Controls.EntityDialog.DeleteButton": "删除",
    "Controls.EntityDialog.DeleteConfirmation": "确认删除所选信息?",
    "Controls.EntityDialog.EditRecordTitle": "编辑{0}{1}",
    "Controls.EntityDialog.LocalizationBack": "返回表格",
    "Controls.EntityDialog.LocalizationButton": "本地化",
    "Controls.EntityDialog.LocalizationConfirmation": "保存修改的翻译内容?",
    "Controls.EntityDialog.NewRecordTitle": "新增{0}",
    "Controls.EntityDialog.SaveButton": "保存",
    "Controls.EntityDialog.SaveSuccessMessage": "保存成功",
    "Controls.EntityDialog.UndeleteButton": "还原",
    "Controls.EntityDialog.UndeleteConfirmation": "还原删除的信息?",
    "Controls.EntityDialog.UpdateButton": "更新",
    "Controls.EntityGrid.IncludeDeletedToggle": "显示归档信息",
    "Controls.EntityGrid.NewButton": "新增{0}",
    "Controls.EntityGrid.RefreshButton": "刷新",
    "Controls.FilterPanel.AddFilter": "增加筛选条件",
    "Controls.FilterPanel.All": "<全部>",
    "Controls.FilterPanel.And": "和",
    "Controls.FilterPanel.AndInParens": "<和>",
    "Controls.FilterPanel.ApplyGroups": "应用到分组",
    "Controls.FilterPanel.ChangeAndOr": "点击切换 和/或",
    "Controls.FilterPanel.ClearGroups": "清楚分组",
    "Controls.FilterPanel.CurrentFilter": "激活筛选:{0}",
    "Controls.FilterPanel.DialogTitle": "编辑筛选",
    "Controls.FilterPanel.EditFilter": "编辑筛选",
    "Controls.FilterPanel.EffectiveEmpty": "无",
    "Controls.FilterPanel.EffectiveFilter": "激活筛选:",
    "Controls.FilterPanel.FixErrorsMessage": "请修复标红的错误",
    "Controls.FilterPanel.GroupBy": "--分组--",
    "Controls.FilterPanel.InvalidDate": "无效的日期!",
    "Controls.FilterPanel.InvalidNumber": "无效的数字!",
    "Controls.FilterPanel.InvalidOperator": "无效的操作!",
    "Controls.FilterPanel.OperatorFormats.bw": "{0}在{1}和{2}之间",
    "Controls.FilterPanel.OperatorFormats.contains": "{0}包含'{1}'",
    "Controls.FilterPanel.OperatorFormats.eq": "{0}等于{1}",
    "Controls.FilterPanel.OperatorFormats.false": "{0}等于no",
    "Controls.FilterPanel.OperatorFormats.ge": "{0}大于等于{1}",
    "Controls.FilterPanel.OperatorFormats.gt": "{0}大于{1}",
    "Controls.FilterPanel.OperatorFormats.in": "{0}是[{1}]中的一个",
    "Controls.FilterPanel.OperatorFormats.isnotnull": "{0}不为空",
    "Controls.FilterPanel.OperatorFormats.isnull": "{0}为空",
    "Controls.FilterPanel.OperatorFormats.le": "{0}小于等于{1}",
    "Controls.FilterPanel.OperatorFormats.lt": "{0}小于{1}",
    "Controls.FilterPanel.OperatorFormats.ne": "{0}不等于{1}",
    "Controls.FilterPanel.OperatorFormats.startswith": "{0}以'{1}'开始",
    "Controls.FilterPanel.OperatorFormats.true": "{0}等于yes",
    "Controls.FilterPanel.OperatorNames.bw": "在...之间",
    "Controls.FilterPanel.OperatorNames.contains": "包含",
    "Controls.FilterPanel.OperatorNames.eq": "等于",
    "Controls.FilterPanel.OperatorNames.false": "no",
    "Controls.FilterPanel.OperatorNames.ge": "大于等于",
    "Controls.FilterPanel.OperatorNames.gt": "大于",
    "Controls.FilterPanel.OperatorNames.in": "在...之中",
    "Controls.FilterPanel.OperatorNames.isnotnull": "非空",
    "Controls.FilterPanel.OperatorNames.isnull": "为空",
    "Controls.FilterPanel.OperatorNames.le": "小于等于",
    "Controls.FilterPanel.OperatorNames.lt": "小于",
    "Controls.FilterPanel.OperatorNames.ne": "不等于",
    "Controls.FilterPanel.OperatorNames.startswith": "以...开始",
    "Controls.FilterPanel.OperatorNames.true": "yes",
    "Controls.FilterPanel.Or": "或",
    "Controls.FilterPanel.OrInParens": "(或)",
    "Controls.FilterPanel.RemoveField": "去除筛选条件",
    "Controls.FilterPanel.ResetButton": "重置",
    "Controls.FilterPanel.ResetFilterHint": "清除筛选",
    "Controls.FilterPanel.SearchButton": "应用筛选",
    "Controls.FilterPanel.SelectField": "---选择---",
    "Controls.FilterPanel.ValueRequired": "必填!",
    "Controls.ImageUpload.AddFileButton": "选择文件",
    "Controls.ImageUpload.DeleteButtonHint": "移除",
    "Controls.ImageUpload.UploadFileTooBig": "上传文件的大小不能大于{0}",
    "Controls.ImageUpload.UploadFileTooSmall": "上传文件的大小不能小于{0}",
    "Controls.Pager.DefaultLoadError": "加载数据是发生错误",
    "Controls.Pager.LoadingStatus": "正在加载数据，请等待",
    "Controls.Pager.NoRowStatus": "没有找到数据",
    "Controls.Pager.Page": "页面",
    "Controls.Pager.PageStatus": "显示从{from}到{to}共{total}条数据",
    "Controls.PropertyGrid.DefaultCategory": "属性",
    "Controls.PropertyGrid.RequiredHint": "必填项",
    "Controls.QuickSearch.FieldSelection": "选择要搜索的栏目",
    "Controls.QuickSearch.Hint": "请输入要搜索的关键字",
    "Controls.QuickSearch.Placeholder": "搜索...",
    "Controls.SelectEditor.ClickToDefine": "***点击并添加一条新数据***",
    "Controls.SelectEditor.EmptyItemText": "--选择--",
    "Controls.SelectEditor.InplaceAdd": "创建",
    "Controls.SelectEditor.InplaceEdit": "编辑",
    "Controls.SelectEditor.NoResultsClickToDefine": "*** 没有数据. 点击并添加一条新数据 ***",
    "Db.Shared.RecordId": "序号",
    "Dialogs.AlertTitle": "警告",
    "Dialogs.CancelButton": "取消",
    "Dialogs.ConfirmationTitle": "确认",
    "Dialogs.InformationTitle": "信息",
    "Dialogs.MaximizeHint": "最大化",
    "Dialogs.NoButton": "否",
    "Dialogs.OkButton": "OK",
    "Dialogs.RestoreHint": "恢复",
    "Dialogs.WarningTitle": "注意",
    "Dialogs.YesButton": "是",
    "Validation.ArgumentIsNull": "参数{0}为空!",
    "Validation.ArgumentOutOfRange": "参数{0}超出范围!",
    "Validation.AuthenticationError": "用户名或密码错误",
    "Validation.CaptchaMismatch": "认证码错误。如果看不清楚，请点击图片刷新一个新认证码。",
    "Validation.DateInvalid": "请输入一个有效的日期。",
    "Validation.DayHourAndMin": "请输入一个有效的时间。(例如:2.15:30)",
    "Validation.Decimal": "请输入一个有效的十进制数。",
    "Validation.Digits": "请只输入0-9的数字。",
    "Validation.Email": "请输入一个有效的电子邮件地址。",
    "Validation.EmailExists": "该邮件地址已被占用，如果你忘记了密码，请使用找回密码功能。",
    "Validation.EmailMultiple": "请输入有效的电子邮件地址(如果有多个地址，请使用';'隔开)",
    "Validation.EntityForeignKeyViolation": "请先删除与之相关的{0}条数据，再删除该数据。",
    "Validation.EntityHasDeletedParent": "操作该数据前，需要先回复其父级数据。",
    "Validation.EntityIsNotActive": "无法对一条已经删除的{0}数据进行操作!",
    "Validation.EntityNotFound": "未找到数据。该数据可能被删除或你无权限查看!",
    "Validation.FieldInvalidDateRange": "{0}项的数据不能早于 {1}!",
    "Validation.FieldInvalidValue": "{1}项的数据{0}是无效的!",
    "Validation.FieldIsReadOnly": "{0}项是只读的!",
    "Validation.FieldIsRequired": "{0}项是必填的!",
    "Validation.HourAndMin": "请输入一个有效的时间(例如 15:30)",
    "Validation.IncorrectPassword": "密码错误。请检查输入的内容。",
    "Validation.Integer": "请输入一个有效的整数。",
    "Validation.InvalidFormMessage": "提交前，请检查输入的内容(已标红)",
    "Validation.MaxDate": "请输入一个早于{0}的日期。",
    "Validation.MaxLength": "请不要输入超过{0}个字符的内容。",
    "Validation.MinDate": "请输入一个晚于{0}的日期。",
    "Validation.MinLength": "请不要输入少于{0}个字符的内容。",
    "Validation.PasswordConfirm": "两次输入的密码不符。",
    "Validation.Range": "请输入一个{0}和{1}之间的值。",
    "Validation.RequestIsNull": "请求为空!",
    "Validation.Required": "该项必填!",
    "Validation.UnexpectedError": "发生一个未知错误!",
    "Validation.UniqueConstraint": "另一个有相同‘{0}’值得数据存在!",
    "Validation.Url": "请输入一个有效的网址(e.g. http://www.site.com).",
    "Validation.Username": "不是一个有效的用户名。",
    "Validation.UsernameExists": "用户名已存在，请重新输入。",
    "Validation.Xss": "无效的输入!(请不要使用'&lt;' 和 '&amp;')"
}