{
    "Authorization.AccessDenied": "Autorizzazione negata per questa richiesta!",
    "Authorization.NotLoggedIn": "E' necessaria l'autorizzazione per questa richiesta!",
    "Controls.EntityDialog.ApplyChangesButton": "Applica Variazioni",
    "Controls.EntityDialog.CloneButton": "Clona",
    "Controls.EntityDialog.DeleteButton": "Elimina",
    "Controls.EntityDialog.DeleteConfirmation": "Eliminare il record?",
    "Controls.EntityDialog.EditRecordTitle": "Modifica {0}{1}",
    "Controls.EntityDialog.LocalizationBack": "Torna al Form",
    "Controls.EntityDialog.LocalizationButton": "Localizzazione",
    "Controls.EntityDialog.LocalizationConfirmation": "Salvare le modifiche alle traduzioni?",
    "Controls.EntityDialog.NewRecordTitle": "Nuovo {0}",
    "Controls.EntityDialog.SaveButton": "Salva",
    "Controls.EntityDialog.SaveSuccessMessage": "Salvataggio effettuato con successo",
    "Controls.EntityDialog.UndeleteButton": "Ripristina",
    "Controls.EntityDialog.UndeleteConfirmation": "Ripristinare il record?",
    "Controls.EntityDialog.UpdateButton": "Aggiorna",
    "Controls.EntityGrid.IncludeDeletedToggle": "mostra i record non attivi",
    "Controls.EntityGrid.NewButton": "Nuovo {0}",
    "Controls.EntityGrid.RefreshButton": "Ricarica",
    "Controls.FilterPanel.AddFilter": "aggiungi criteri",
    "Controls.FilterPanel.All": "<tutto>",
    "Controls.FilterPanel.And": "e",
    "Controls.FilterPanel.AndInParens": "(e)",
    "Controls.FilterPanel.ApplyGroups": "applica raggruppamento",
    "Controls.FilterPanel.ChangeAndOr": "cliccare per cambiare fra AND/OR",
    "Controls.FilterPanel.ClearGroups": "pulisci raggruppamento",
    "Controls.FilterPanel.CurrentFilter": "Filtro Attivo: {0}",
    "Controls.FilterPanel.DialogTitle": "Modifica Filtro",
    "Controls.FilterPanel.EditFilter": "modifica filtro",
    "Controls.FilterPanel.EffectiveEmpty": "nessuno",
    "Controls.FilterPanel.EffectiveFilter": "Filtro Attivo:",
    "Controls.FilterPanel.FixErrorsMessage": "Per favore, correggere gli errori segnati in rosso",
    "Controls.FilterPanel.GroupBy": "--gruppo--",
    "Controls.FilterPanel.InvalidDate": "data non valida!",
    "Controls.FilterPanel.InvalidNumber": "numero non valido!",
    "Controls.FilterPanel.InvalidOperator": "operatore non valido",
    "Controls.FilterPanel.OperatorFormats.bw": "{0} è tra {1} e {2}",
    "Controls.FilterPanel.OperatorFormats.contains": "{0} contiene '{1}",
    "Controls.FilterPanel.OperatorFormats.eq": "{0} = {1}",
    "Controls.FilterPanel.OperatorFormats.false": "{0} = no",
    "Controls.FilterPanel.OperatorFormats.ge": "{0} >= {1}",
    "Controls.FilterPanel.OperatorFormats.gt": "{0} > {1}",
    "Controls.FilterPanel.OperatorFormats.in": "{0} è uno di [{1}]",
    "Controls.FilterPanel.OperatorFormats.isnotnull": "{0} non è null",
    "Controls.FilterPanel.OperatorFormats.isnull": "{0} è null",
    "Controls.FilterPanel.OperatorFormats.le": "{0} <= {1}",
    "Controls.FilterPanel.OperatorFormats.lt": "{0} < {1}",
    "Controls.FilterPanel.OperatorFormats.ne": "{0} <> {1}",
    "Controls.FilterPanel.OperatorFormats.startswith": "{0} inizia con '{1}",
    "Controls.FilterPanel.OperatorFormats.true": "{0} = sì",
    "Controls.FilterPanel.OperatorNames.bw": "tra",
    "Controls.FilterPanel.OperatorNames.contains": "contiene",
    "Controls.FilterPanel.OperatorNames.eq": "uguale",
    "Controls.FilterPanel.OperatorNames.false": "no",
    "Controls.FilterPanel.OperatorNames.ge": "maggiore o uguale",
    "Controls.FilterPanel.OperatorNames.gt": "maggiore",
    "Controls.FilterPanel.OperatorNames.in": "in",
    "Controls.FilterPanel.OperatorNames.isnotnull": "non è null",
    "Controls.FilterPanel.OperatorNames.isnull": "è null",
    "Controls.FilterPanel.OperatorNames.le": "minore o uguale",
    "Controls.FilterPanel.OperatorNames.lt": "minore",
    "Controls.FilterPanel.OperatorNames.ne": "non uguale",
    "Controls.FilterPanel.OperatorNames.startswith": "inizia con",
    "Controls.FilterPanel.OperatorNames.true": "sì",
    "Controls.FilterPanel.Or": "o",
    "Controls.FilterPanel.OrInParens": "(o)",
    "Controls.FilterPanel.RemoveField": "rimuovi criteri",
    "Controls.FilterPanel.ResetButton": "reset",
    "Controls.FilterPanel.ResetFilterHint": "pulisci filtro",
    "Controls.FilterPanel.SearchButton": "applica filtro",
    "Controls.FilterPanel.SelectField": "---selezionare campo---",
    "Controls.FilterPanel.ThenBy": "--poi--",
    "Controls.FilterPanel.ValueRequired": "valore richiesto!",
    "Controls.ImageUpload.AddFileButton": "Selezionare File",
    "Controls.ImageUpload.DeleteButtonHint": "Rimuovi",
    "Controls.ImageUpload.UploadFileTooBig": "Il file caricato deve essere più piccolo di {0}",
    "Controls.ImageUpload.UploadFileTooSmall": "Il file caricato deve essere almeno di {0}",
    "Controls.Pager.DefaultLoadError": "Si è verificato un errore durante il caricamento dei dati!",
    "Controls.Pager.LoadingStatus": "Attendere prego, caricamento dati...",
    "Controls.Pager.NoRowStatus": "Nessun record",
    "Controls.Pager.Page": "Pagina",
    "Controls.Pager.PageStatus": "Mostrati da {from} a {to} di {total} record totali",
    "Controls.PropertyGrid.DefaultCategory": "Proprietà",
    "Controls.PropertyGrid.RequiredHint": "questo campo è obbligatorio",
    "Controls.QuickSearch.FieldSelection": "selezionare il campo sul qual cercare",
    "Controls.QuickSearch.Hint": "immettere il testo da ricercare...",
    "Controls.QuickSearch.Placeholder": "cerca...",
    "Controls.SelectEditor.ClickToDefine": "*** Clic per definirne uno nuovo ***",
    "Controls.SelectEditor.EmptyItemText": "--selezionare--",
    "Controls.SelectEditor.InplaceAdd": "Definisci Nuovo",
    "Controls.SelectEditor.InplaceEdit": "Modifica",
    "Controls.SelectEditor.NoResultsClickToDefine": "*** Nessun risultato. Clic per definirne uno nuovo ***",
    "Db.Shared.RecordId": "ID",
    "Dialogs.AlertTitle": "Attenzione",
    "Dialogs.CancelButton": "Annulla",
    "Dialogs.ConfirmationTitle": "Conferma",
    "Dialogs.InformationTitle": "Informazione",
    "Dialogs.MaximizeHint": "Massimizza",
    "Dialogs.NoButton": "No",
    "Dialogs.OkButton": "OK",
    "Dialogs.RestoreHint": "Ripristina",
    "Dialogs.WarningTitle": "Attenzione",
    "Dialogs.YesButton": "Sì",
    "Validation.ArgumentIsNull": "L'argomento {0} è nullo!",
    "Validation.ArgumentOutOfRange": "L'argomento {0} è fuori range!",
    "Validation.CaptchaMismatch": "Codice immesso non corretto. Se i caratteri non si vedono chiaramente, puoi generare un nuovo codice cliccando sull'immagine.",
    "Validation.DateInvalid": "Per favore, immettere una data valida.",
    "Validation.DayHourAndMin": "Per favore, immettere un arco di tempo valido (es. 2.15:30)",
    "Validation.Decimal": "Per favore, immettere un valore decimale valido.",
    "Validation.Digits": "Per favore, utilizzare solo numeri 0-9.",
    "Validation.Email": "Per favore, immettere un indirizzo e-mail valido.",
    "Validation.EmailExists": "Esiste un altro utente registrato con questa e-mail. Se non ricordate la password, utilizzate il form Password Dimenticata.",
    "Validation.EmailMultiple": "Per favore, immettere una e-mail validca (se più di una, utilizzre",
    "Validation.EntityForeignKeyViolation": "Dovete prima eliminare {0} record correlati prima di cancellare questo!",
    "Validation.EntityHasDeletedParent": "Prima di agire su questo record, il suo record superiore dev'essere ripristinato!",
    "Validation.EntityIsNotActive": "Non si può agiro su record cancellati {0}!",
    "Validation.EntityNotFound": "Record non trovato. Potrebbe essere stato cancellato, oppure non avete i diritti necessari!",
    "Validation.EntityReadAccessViolation": "Non avete i diritti necessari per visualizzare {0} record con chiave: {1}",
    "Validation.EntityWriteAccessViolation": "Non avete i diritti necessari per aggiornare {0} record con chiave: {1}",
    "Validation.FieldInvalidDateRange": "Il valore del campo {0} non può essere precedente alla data {1}!",
    "Validation.FieldInvalidValue": "Valore non valido {0} per il campo {1}!",
    "Validation.FieldIsReadOnly": "Il campo {0} è in sola lettura!",
    "Validation.FieldIsRequired": "Il campo {0} è obbligatorio!",
    "Validation.HourAndMin": "Per favore, immettre un orario valido (es. 15:30)",
    "Validation.IncorrectPassword": "Password errata. Per favore, controllare.",
    "Validation.Integer": "Per favore, immettere un valore intero valido.",
    "Validation.InvalidFormMessage": "Per favore, convalidate i dati vuoti o non validi (segnati in rosso) prima di inviare il form.",
    "Validation.MaxDate": "Per favore, immettere una data prima di '{0}'.",
    "Validation.MaxLength": "Per favore, immettere non più di {0} caratteri.",
    "Validation.MinDate": "Per favore, immettere una data dopo di '{0}'.",
    "Validation.MinLength": "Per favore, immettere non meno di {0} caratteri.",
    "Validation.PasswordConfirm": "La password immessa non coincide.",
    "Validation.Range": "Per favore, immettere un valore tra {0} e {1}.",
    "Validation.RequestIsNull": "La richiesta è nulla!",
    "Validation.Required": "Questo campo è obbligatorio.",
    "Validation.UnexpectedError": "Si è verificato un errore inaspettato!",
    "Validation.UniqueConstraint": "Esiste un altro record con lo stesso valore '{0}'!",
    "Validation.UniqueViolation": "Esiste un altro record con lo stesso valore '{0}'!",
    "Validation.Url": "Per favore, immettere un URL valido (es. http://www.site.com).",
    "Validation.Username": "Non è uno nome utente valido.",
    "Validation.UsernameExists": "Questo nome utente è già utilizzato. Per favore, sceglierne un altro.",
    "Validation.Xss": "Valore non valido! (non utilizzre '&lt;' e '&amp;')"
}