{
    "Authorization.AccessDenied": "Autorização foi negada para este pedido!",
    "Authorization.NotLoggedIn": "Autorização necessária para este pedido!",
    "Controls.EntityDialog.ApplyChangesButton": "Aplicar alterações",
    "Controls.EntityDialog.CloneButton": "Duplicar",
    "Controls.EntityDialog.DeleteButton": "Eliminar",
    "Controls.EntityDialog.DeleteConfirmation": "Eliminar Registo",
    "Controls.EntityDialog.EditRecordTitle": "Editar {0}{1}",
    "Controls.EntityDialog.LocalizationBack": "Voltar",
    "Controls.EntityDialog.LocalizationButton": "Idioma",
    "Controls.EntityDialog.LocalizationConfirmation": "Confirme",
    "Controls.EntityDialog.NewRecordTitle": "Nova {0}",
    "Controls.EntityDialog.SaveButton": "Gravar",
    "Controls.EntityDialog.SaveSuccessMessage": "Gravado com sucesso",
    "Controls.EntityDialog.UndeleteButton": "Desfazer eliminar",
    "Controls.EntityDialog.UndeleteConfirmation": "Desfazer eliminar registo?",
    "Controls.EntityDialog.UpdateButton": "Atualizar",
    "Controls.EntityGrid.IncludeDeletedToggle": "mostrar registos inativos",
    "Controls.EntityGrid.NewButton": "Novo {0}",
    "Controls.EntityGrid.RefreshButton": "Atualizar",
    "Controls.FilterPanel.AddFilter": "adicionar critério",
    "Controls.FilterPanel.All": "<tudo>",
    "Controls.FilterPanel.And": "e",
    "Controls.FilterPanel.AndInParens": "(e)",
    "Controls.FilterPanel.ApplyGroups": "aplicar agrupamento",
    "Controls.FilterPanel.ChangeAndOr": "clique para mudar entre E/OU",
    "Controls.FilterPanel.ClearGroups": "limpar agrupamento",
    "Controls.FilterPanel.CurrentFilter": "Filtro ativo: {0}",
    "Controls.FilterPanel.DialogTitle": "Editar filtro",
    "Controls.FilterPanel.EditFilter": "editar filtro",
    "Controls.FilterPanel.EffectiveEmpty": "nenhum",
    "Controls.FilterPanel.EffectiveFilter": "Filtro ativo:",
    "Controls.FilterPanel.FixErrorsMessage": "Por favor, reveja os erros destacados em vermelho",
    "Controls.FilterPanel.GroupBy": "--grupo--",
    "Controls.FilterPanel.InvalidDate": "data inválida!",
    "Controls.FilterPanel.InvalidNumber": "número inválido!",
    "Controls.FilterPanel.InvalidOperator": "operador inválido",
    "Controls.FilterPanel.OperatorFormats.bw": "{0} está entre {1} e {2}",
    "Controls.FilterPanel.OperatorFormats.contains": "{0} contem '{1}'",
    "Controls.FilterPanel.OperatorFormats.eq": "{0} = {1}",
    "Controls.FilterPanel.OperatorFormats.false": "{0} = não",
    "Controls.FilterPanel.OperatorFormats.ge": "{0} >= {1}",
    "Controls.FilterPanel.OperatorFormats.gt": "{0} > {1}",
    "Controls.FilterPanel.OperatorFormats.in": "{0} é um de [{1}]",
    "Controls.FilterPanel.OperatorFormats.isnotnull": "{0} não é nulo",
    "Controls.FilterPanel.OperatorFormats.isnull": "{0} é nulo",
    "Controls.FilterPanel.OperatorFormats.le": "{0} <= {1}",
    "Controls.FilterPanel.OperatorFormats.lt": "{0} < {1}",
    "Controls.FilterPanel.OperatorFormats.ne": "{0} <> {1}",
    "Controls.FilterPanel.OperatorFormats.startswith": "{0} começa com '{1}'",
    "Controls.FilterPanel.OperatorFormats.true": "{0} = sim",
    "Controls.FilterPanel.OperatorNames.bw": "entre",
    "Controls.FilterPanel.OperatorNames.contains": "contem",
    "Controls.FilterPanel.OperatorNames.eq": "igual",
    "Controls.FilterPanel.OperatorNames.false": "não",
    "Controls.FilterPanel.OperatorNames.ge": "maior do que ou igual",
    "Controls.FilterPanel.OperatorNames.gt": "maior do que",
    "Controls.FilterPanel.OperatorNames.in": "em",
    "Controls.FilterPanel.OperatorNames.isnotnull": "não é nulo",
    "Controls.FilterPanel.OperatorNames.isnull": "é nulo",
    "Controls.FilterPanel.OperatorNames.le": "menor do que ou igual",
    "Controls.FilterPanel.OperatorNames.lt": "menor do que",
    "Controls.FilterPanel.OperatorNames.ne": "diferente",
    "Controls.FilterPanel.OperatorNames.startswith": "começa com",
    "Controls.FilterPanel.OperatorNames.true": "sim",
    "Controls.FilterPanel.Or": "ou",
    "Controls.FilterPanel.OrInParens": "(ou)",
    "Controls.FilterPanel.RemoveField": "remover critério",
    "Controls.FilterPanel.ResetButton": "reset",
    "Controls.FilterPanel.ResetFilterHint": "eliminar filtro",
    "Controls.FilterPanel.SearchButton": "aplicar filtro",
    "Controls.FilterPanel.SelectField": "--selecionar campo--",
    "Controls.FilterPanel.ThenBy": "--e depois--",
    "Controls.FilterPanel.ValueRequired": "valor necessário!",
    "Controls.ImageUpload.AddFileButton": "Selecione o arquivo",
    "Controls.ImageUpload.DeleteButtonHint": "Remover",
    "Controls.ImageUpload.UploadFileTooBig": "O arquivo carregado deve ser menor que {0}",
    "Controls.ImageUpload.UploadFileTooSmall": "O arquivo carregado deve ser no mínimo {0}",
    "Controls.Pager.DefaultLoadError": "Ocorreu um erro ao carregar os dados!",
    "Controls.Pager.LoadingStatus": "Por favor aguarde, carregando dados...",
    "Controls.Pager.NoRowStatus": "Sem registos",
    "Controls.Pager.Page": "Página",
    "Controls.Pager.PageStatus": "Mostrando {from} a {to} de {total} registos",
    "Controls.PropertyGrid.DefaultCategory": "Propriedades",
    "Controls.PropertyGrid.RequiredHint": "campo obrigatório",
    "Controls.QuickSearch.FieldSelection": "selecione o campo para pesquisar",
    "Controls.QuickSearch.Hint": "insira o texto a pesquisar...",
    "Controls.QuickSearch.Placeholder": "pesquisar...",
    "Controls.SelectEditor.ClickToDefine": "Clique para definir",
    "Controls.SelectEditor.EmptyItemText": "Vazio",
    "Controls.SelectEditor.InplaceAdd": "Adicionar",
    "Controls.SelectEditor.InplaceEdit": "Editar",
    "Controls.SelectEditor.NoResultsClickToDefine": "Sem resultados, clique para definir",
    "Db.Shared.RecordId": "ID",
    "Dialogs.AlertTitle": "Alerta",
    "Dialogs.CancelButton": "Cancelar",
    "Dialogs.ConfirmationTitle": "Confirmar",
    "Dialogs.InformationTitle": "Informação",
    "Dialogs.MaximizeHint": "Maximizar",
    "Dialogs.NoButton": "Não",
    "Dialogs.OkButton": "Ok",
    "Dialogs.RestoreHint": "Restaurar",
    "Dialogs.WarningTitle": "Aviso",
    "Dialogs.YesButton": "Sim",
    "Validation.ArgumentIsNull": "Argumento {0} é nulo!",
    "Validation.ArgumentOutOfRange": "Argumento {0} está fora do intervalo!",
    "Validation.CaptchaMismatch": "Código incorrecto inserido. Pode gerar um novo clicando na imagem, caso não os caracteres estejam ilegíveis.",
    "Validation.DateInvalid": "insira uma data válida.",
    "Validation.DayHourAndMin": "insira um intervalo de tempo válido (ex.: 2.15:30)",
    "Validation.Decimal": "insira um valor decimal válido.",
    "Validation.Digits": "Use os dígitos de 0-9.",
    "Validation.Email": "Por favor insira um endereço de e-mail válido.",
    "Validation.EmailExists": "Há outro usuário registado com esse endereço de e-mail. Se você não se lembra da sua senha, utilize o 'esqueci a minha senha'.",
    "Validation.EmailMultiple": "Insira um endereço de e-mail válido (se mais do que um, use ';' como separador)",
    "Validation.EntityForeignKeyViolation": "Você deve primeiro eliminar {0} registos relacionados antes de eliminar este!",
    "Validation.EntityHasDeletedParent": "Antes de operar neste registo, o registo principal deve ser eliminado!",
    "Validation.EntityIsNotActive": "Não pode operar em um registo eliminado {0}!",
    "Validation.EntityNotFound": "Registo não encontrado. Pode ter sido eliminado ou você não tem permissões necessárias!",
    "Validation.EntityReadAccessViolation": "Você não tem as permissões necessárias para ler {0} registo com chave: {1}",
    "Validation.EntityWriteAccessViolation": "Você não tem as permissões necessárias para atualizar {0} registo com chave: {1}",
    "Validation.FieldInvalidDateRange": "{0} valor do campo não pode ser anterior à data {1}!",
    "Validation.FieldInvalidValue": "Valor inválido {0} para o campo {1}!",
    "Validation.FieldIsReadOnly": "{0} campo é somente leitura!",
    "Validation.FieldIsRequired": "{0} campo é obrigatório!",
    "Validation.HourAndMin": "Por favor, indique uma hora válida (por exemplo, 15:30)",
    "Validation.IncorrectPassword": "Senha incorreta. Por favor, verifique.",
    "Validation.Integer": "Por favor, indique um valor inteiro válido.",
    "Validation.InvalidFormMessage": "Valide os campos vazios ou inválidos (destacadas em vermelho) antes de salvar o formulário.",
    "Validation.MaxDate": "O token para redefinir sua senha é inválida ou expirou!",
    "Validation.MaxLength": "Por favor, insira não mais do que {0} caracteres.",
    "Validation.MinDate": "Por favor insira uma data depois de '{0}'.",
    "Validation.MinLength": "Por favor, insira não menos do que {0} caracteres.",
    "Validation.PasswordConfirm": "Senha informada não corresponde.",
    "Validation.Range": "Por favor insira um valor entre {0} e {1}.",
    "Validation.RequestIsNull": "Pedido é nulo!",
    "Validation.Required": "Este campo é obrigatório.",
    "Validation.UnexpectedError": "Ocorreu um erro inesperado!",
    "Validation.UniqueConstraint": "Existe outro registo com os mesmos '{0}' valores)!",
    "Validation.UniqueViolation": "Violação única!",
    "Validation.Url": "Por favor insira um URL válido (por exemplo http://www.site.com).",
    "Validation.Username": "Não é um nome de usuário válido.",
    "Validation.UsernameExists": "Este nome de usuário já existe! Por favor, escolha outro.",
    "Validation.Xss": "Valor inválido! (Não use \"& lt;\" e \"& amp;\")"
}