﻿{
  "Db.Meeting.Meeting.EndDate": "Ngày kết thúc",
  "Db.Meeting.Meeting.EntityPlural": "Cuộc họp",
  "Db.Meeting.Meeting.EntitySingular": "Cuộc họp",
  "Db.Meeting.Meeting.LocationId": "Địa điểm",
  "Db.Meeting.Meeting.LocationName": "Địa điểm",
  "Db.Meeting.Meeting.MeetingGuid": "Guid cuộc họp",
  "Db.Meeting.Meeting.MeetingId": "Id cuộc họp",
  "Db.Meeting.Meeting.MeetingName": "Tên cuộc họp",
  "Db.Meeting.Meeting.MeetingNumber": "Mã cuộc họp",
  "Db.Meeting.Meeting.MeetingTypeId": "Loại cuộc họp",
  "Db.Meeting.Meeting.MeetingTypeName": "Tên loại cuộc họp",
  "Db.Meeting.Meeting.OrganizerContactId": "Tổ chức bởi",
  "Db.Meeting.Meeting.OrganizerContactFullName": "Tổ chức bởi",
  "Db.Meeting.Meeting.ReporterContactId": "Người tường trình",
  "Db.Meeting.Meeting.ReporterContactFullName": "Người tường trình",
  "Db.Meeting.Meeting.StartDate": "Ngày bắt đầu",
  "Db.Meeting.Meeting.UnitId": "Đơn vị",
  "Db.Meeting.Meeting.UnitName": "Tên đơn vị",
  "Db.Meeting.Meeting.UnitParentUnitId": "Đơn vị cấp trên",
  "Db.Meeting.MeetingAgenda.AgendaId": "Id",
  "Db.Meeting.MeetingAgenda.AgendaNumber": "Mã chương trình",
  "Db.Meeting.MeetingAgenda.AgendaTypeId": "Loại chương trình",
  "Db.Meeting.MeetingAgenda.AgendaTypeName": "Tên loại chương trình",
  "Db.Meeting.MeetingAgenda.Attachments": "Đính kèm",
  "Db.Meeting.MeetingAgenda.Description": "Mô tả",
  "Db.Meeting.MeetingAgenda.EntityPlural": "Chương trình họp",
  "Db.Meeting.MeetingAgenda.EntitySingular": "Chương trình họp",
  "Db.Meeting.MeetingAgenda.Images": "Ảnh",
  "Db.Meeting.MeetingAgenda.MeetingId": "Cuộc họp",
  "Db.Meeting.MeetingAgenda.RequestedByContactId": "Người yêu cầu",
  "Db.Meeting.MeetingAgenda.Title": "Tiêu đề",
  "Db.Meeting.MeetingAgendaRelevant.AgendaId": "Chương trình",
  "Db.Meeting.MeetingAgendaRelevant.ContactId": "Liên hệ",
  "Db.Meeting.MeetingAgendaRelevant.EntityPlural": "Những người liên quan",
  "Db.Meeting.MeetingAgendaRelevant.EntitySingular": "Những người liên quan",
  "Db.Meeting.MeetingAgendaType.AgendaTypeId": "Id",
  "Db.Meeting.MeetingAgendaType.EntityPlural": "Loại chương trình họp",
  "Db.Meeting.MeetingAgendaType.EntitySingular": "Loại chương trình họp",
  "Db.Meeting.MeetingAgendaType.Name": "Tên",
  "Db.Meeting.MeetingAttendee.AttendanceStatus": "Trạng thái tham dự",
  "Db.Meeting.MeetingAttendee.AttendeeId": "Id",
  "Db.Meeting.MeetingAttendee.AttendeeType": "Loại tham dự",
  "Db.Meeting.MeetingAttendee.ContactId": "Liên hệ",
  "Db.Meeting.MeetingAttendee.EntityPlural": "Tham dự họp",
  "Db.Meeting.MeetingAttendee.EntitySingular": "Tham dự họp",
  "Db.Meeting.MeetingAttendee.MeetingId": "Cuộc họp",
  "Db.Meeting.MeetingDecision.AgendaId": "Chương trình",
  "Db.Meeting.MeetingDecision.Attachments": "Đính kèm",
  "Db.Meeting.MeetingDecision.DecisionId": "Quyết định",
  "Db.Meeting.MeetingDecision.DecisionNumber": "Số quyết định",
  "Db.Meeting.MeetingDecision.DecisionNumberName": "Tên quyết định",
  "Db.Meeting.MeetingDecision.Description": "Mô tả",
  "Db.Meeting.MeetingDecision.DueDate": "Ngày đến hạn",
  "Db.Meeting.MeetingDecision.EntityPlural": "Quyết định họp",
  "Db.Meeting.MeetingDecision.EntitySingular": "Quyết định họp",
  "Db.Meeting.MeetingDecision.Images": "Ảnh",
  "Db.Meeting.MeetingDecision.MeetingId": "Cuộc họp",
  "Db.Meeting.MeetingDecision.ResolutionStatus": "Trạng thái nghị quyết",
  "Db.Meeting.MeetingDecision.ResponsibleContactId": "Người chịu trách nhiệm",
  "Db.Meeting.MeetingDecisionRelevant.ContactId": "Liên hệ",
  "Db.Meeting.MeetingDecisionRelevant.DecisionId": "Quyết định",
  "Db.Meeting.MeetingDecisionRelevant.EntityPlural": "Những người liên quan",
  "Db.Meeting.MeetingDecisionRelevant.EntitySingular": "Những người liên quan",
  "Db.Meeting.MeetingLocation.Address": "Địa chỉ",
  "Db.Meeting.MeetingLocation.EntityPlural": "Địa điểm họp",
  "Db.Meeting.MeetingLocation.EntitySingular": "Địa điểm họp",
  "Db.Meeting.MeetingLocation.Latitude": "Vĩ độ",
  "Db.Meeting.MeetingLocation.LocationId": "Địa điểm",
  "Db.Meeting.MeetingLocation.Longitude": "Kinh độ",
  "Db.Meeting.MeetingLocation.Name": "Tên",
  "Db.Meeting.MeetingType.EntityPlural": "Loại cuộc họp",
  "Db.Meeting.MeetingType.EntitySingular": "Loại cuộc họp",
  "Db.Meeting.MeetingType.MeetingTypeId": "Loại cuộc họp",
  "Db.Meeting.MeetingType.Name": "Tên",
  "Navigation.Meeting": "Cuộc họp",
  "Navigation.Meeting/Meeting Agenda Types": "Loại chương trình họp",
  "Navigation.Meeting/Meeting Locations": "Địa điểm họp",
  "Navigation.Meeting/Meeting Types": "Loại cuộc họp",
  "Navigation.Meeting/Meetings": "Cuộc họp"
}