{
    "Navigation.Theme Samples": "نمونه قالب",
    "Navigation.Theme Samples/Calendar": "تقویم",
    "Navigation.Theme Samples/Charts": "نمودار ها",
    "Navigation.Theme Samples/Charts/ChartJS": "نمودار ChartJS",
    "Navigation.Theme Samples/Charts/Flot": "نمودار Flot",
    "Navigation.Theme Samples/Charts/Morris": "نمودار Morris",
    "Navigation.Theme Samples/Dashboard v2": "داشبورد نسخه 2",
    "Navigation.Theme Samples/Examples": "مثال ها",
    "Navigation.Theme Samples/Examples/Blank Page": "صفحه خالی",
    "Navigation.Theme Samples/Examples/Error 404": "خطای 404",
    "Navigation.Theme Samples/Examples/Error 500": "خطای 500",
    "Navigation.Theme Samples/Examples/Invoice": "صورتحساب",
    "Navigation.Theme Samples/Examples/Lockscreen": "صفحه قفل",
    "Navigation.Theme Samples/Examples/Login": "صفحه ورود",
    "Navigation.Theme Samples/Examples/Profile": "صفحه پروفایل",
    "Navigation.Theme Samples/Examples/Register": "صفحه ثبت نام",
    "Navigation.Theme Samples/Forms": "فرم ها",
    "Navigation.Theme Samples/Forms/Advanced Elements": "عناصر پیشرفته",
    "Navigation.Theme Samples/Forms/General Elements": "عناصر عمومی",
    "Navigation.Theme Samples/Forms/Text Editors": "ویرایشگر متن",
    "Navigation.Theme Samples/Mailbox": "صندوق پستی",
    "Navigation.Theme Samples/Mailbox/Compose": "ایجاد",
    "Navigation.Theme Samples/Mailbox/Inbox": "وارده",
    "Navigation.Theme Samples/Mailbox/Read": "خوانده شده",
    "Navigation.Theme Samples/Tables": "جدول ها",
    "Navigation.Theme Samples/Tables/Simple Tables": "جداول ساده"
}