{

	"Permission.Customer Support:": "CS",
	"Permission.Customer Support:Ticket:": "Ticket",
	"Permission.Customer Support:Ticket:Read": "Read",
	"Permission.Customer Support:Ticket:Insert": "Insert",
	"Permission.Customer Support:Ticket:Update": "Update",
	"Permission.Customer Support:Ticket:Delete": "Delete",
	"Permission.Customer Support:Customer:": "Customer",
	"Permission.Customer Support:Customer:Read": "Read",
	"Permission.Customer Support:Customer:Insert": "Insert",
	"Permission.Customer Support:Customer:Update": "Update",
	"Permission.Customer Support:Customer:Delete": "Delete",
	"Permission.Customer Support:Product:": "Product",
	"Permission.Customer Support:Product:Read": "Read",
	"Permission.Customer Support:Product:Insert": "Insert",
	"Permission.Customer Support:Product:Update": "Update",
	"Permission.Customer Support:Product:Delete": "Delete",
	"Permission.Customer Support:Transaction:": "Transaction",
	"Permission.Customer Support:Transaction:Read": "Read",
	"Permission.Customer Support:Transaction:Insert": "Insert",
	"Permission.Customer Support:Transaction:Update": "Update",
	"Permission.Customer Support:Transaction:Delete": "Delete",
	"Permission.Customer Support:PaymentDetailDetail:": "Payment",
	"Permission.Customer Support:PaymentDetailDetail:Read": "Read",
	"Permission.Customer Support:PaymentDetailDetail:Insert": "Insert",
	"Permission.Customer Support:PaymentDetailDetail:Update": "Update",
	"Permission.Customer Support:PaymentDetailDetail:Delete": "Delete",

	"Permission.Customer Support:Sms:": "SMS",
	"Permission.Customer Support:Sms:Read": "Read",
	"Permission.Customer Support:Sms:Insert": "Insert",
	"Permission.Customer Support:Sms:Update": "Update",

	
}

