﻿{
    "Db.Administration.Language.EntityPlural": "语言组",
    "Db.Administration.Language.EntitySingular": "语言",
    "Db.Administration.Language.Id": "序号",
    "Db.Administration.Language.LanguageId": "语言序号",
    "Db.Administration.Language.LanguageName": "语言名称",
    "Db.Administration.Role.EntityPlural": "角色组",
    "Db.Administration.Role.EntitySingular": "角色",
    "Db.Administration.Role.RoleId": "角色序号",
    "Db.Administration.Role.RoleName": "角色名称",
    "Db.Administration.RolePermission.EntityPlural": "角色权限组",
    "Db.Administration.RolePermission.EntitySingular": "角色权限",
    "Db.Administration.RolePermission.PermissionKey": "权限唯一标识",
    "Db.Administration.RolePermission.RoleId": "角色序号",
    "Db.Administration.RolePermission.RolePermissionId": "角色权限序号",
    "Db.Administration.RolePermission.RoleRoleName": "角色名称",
    "Db.Administration.Translation.CustomText": "用户自定义译文",
    "Db.Administration.Translation.EntityPlural": "翻译",
    "Db.Administration.Translation.Key": "本地文字标识",
    "Db.Administration.Translation.OverrideConfirmation": "用点选的文字覆盖用户的翻译吗?",
    "Db.Administration.Translation.SaveChangesButton": "保存修改",
    "Db.Administration.Translation.SourceLanguage": "原文",
    "Db.Administration.Translation.TargetLanguage": "译文",
    "Db.Administration.User.DisplayName": "显示名称",
    "Db.Administration.User.Email": "电子邮件",
    "Db.Administration.User.EntityPlural": "用户组",
    "Db.Administration.User.EntitySingular": "用户",
    "Db.Administration.User.Password": "密码",
    "Db.Administration.User.PasswordConfirm": "确认密码",
    "Db.Administration.User.PasswordHash": "密码哈希值",
    "Db.Administration.User.PasswordSalt": "密码盐值",
    "Db.Administration.User.Source": "用户来源",
    "Db.Administration.User.UserId": "用户序号",
    "Db.Administration.User.Username": "用户名",
    "Db.Administration.UserPermission.EntityPlural": "用户权限组",
    "Db.Administration.UserPermission.EntitySingular": "用户权限",
    "Db.Administration.UserPermission.PermissionKey": "权限唯一标识",
    "Db.Administration.UserPermission.User": "用户显示名称",
    "Db.Administration.UserPermission.UserId": "用户序号",
    "Db.Administration.UserPermission.Username": "用户名",
    "Db.Administration.UserPermission.UserPermissionId": "用户权限序号",
    "Db.Administration.UserRole.EntityPlural": "用户角色组",
    "Db.Administration.UserRole.EntitySingular": "用户角色",
    "Db.Administration.UserRole.RoleId": "角色序号",
    "Db.Administration.UserRole.User": "用户显示名称",
    "Db.Administration.UserRole.UserId": "用户序号",
    "Db.Administration.UserRole.Username": "用户名",
    "Db.Administration.UserRole.UserRoleId": "用户角色序号",
    "Forms.Membership.ChangePassword.ConfirmPassword": "确认密码",
    "Forms.Membership.ChangePassword.FormTitle": "修改密码",
    "Forms.Membership.ChangePassword.NewPassword": "新密码",
    "Forms.Membership.ChangePassword.OldPassword": "老密码",
    "Forms.Membership.ChangePassword.SubmitButton": "修改密码",
    "Forms.Membership.ChangePassword.Success": "密码已修改",
    "Forms.Membership.ForgotPassword.Email": "电子邮件",
    "Forms.Membership.ForgotPassword.FormInfo": "请输入用于注册的电子邮件地址",
    "Forms.Membership.ForgotPassword.FormTitle": "忘记密码",
    "Forms.Membership.ForgotPassword.SubmitButton": "重置密码",
    "Forms.Membership.ForgotPassword.Success": "一封如何重置密码的邮件已经发送到你的电子邮箱",
    "Forms.Membership.Login.ForgotPassword": "忘记密码?",
    "Forms.Membership.Login.FormTitle": "欢迎使用SERENE(Serenity应用模板)",
    "Forms.Membership.Login.Password_Placeholder": "密码提示框",
    "Forms.Membership.Login.SignInButton": "登录",
    "Forms.Membership.Login.SignUpButton": "注册一个新账号",
    "Forms.Membership.Login.Username_Placeholder": "用户名提示框",
    "Forms.Membership.ResetPassword.ConfirmPassword": "确认密码",
    "Forms.Membership.ResetPassword.EmailSubject": "重置密码",
    "Forms.Membership.ResetPassword.FormTitle": "重置密码",
    "Forms.Membership.ResetPassword.NewPassword": "新密码",
    "Forms.Membership.ResetPassword.SubmitButton": "重置密码",
    "Forms.Membership.ResetPassword.Success": "密码已修改。请使用新密码登录系统",
    "Forms.Membership.SignUp.ActivateEmailSubject": "激活账号",
    "Forms.Membership.SignUp.ActivationCompleteMessage": "你的账号已经激活。请使用这个邮件地址和密码来登录系统。",
    "Forms.Membership.SignUp.FormInfo": "请输入你的详细信息来创建一个免费账号。",
    "Forms.Membership.SignUp.FormTitle": "注册",
    "Forms.Membership.SignUp.SubmitButton": "注册",
    "Forms.Membership.SignUp.Success": "一份关于如何激活你的账号的邮件已经发送你的电子邮箱。",
    "Navigation.Administration": "系统管理",
    "Navigation.Administration/Languages": "语言管理",
    "Navigation.Administration/Roles": "角色管理",
    "Navigation.Administration/Translations": "翻译管理",
    "Navigation.Administration/User Management": "用户管理",
    "Navigation.Dashboard": "控制面板",
    "Navigation.LogoutLink": "退出",
    "Permission.Administration:": "系统管理",
    "Permission.Administration:Security": "用户、角色和权限管理",
    "Permission.Administration:Translation": "语言和翻译管理",
    "Site.BasicProgressDialog.CancelTitle": "操作取消。请等待未完成的进程结束。",
    "Site.BasicProgressDialog.PleaseWait": "请等待...",
    "Site.BulkServiceAction.AllHadErrorsFormat": "共{0}条数据在处理时发生错误!",
    "Site.BulkServiceAction.AllSuccessFormat": "成功处理{0}条数据。",
    "Site.BulkServiceAction.ConfirmationFormat": "对所选的{0}条数据执行这个操作?",
    "Site.BulkServiceAction.ErrorCount": "{0}个错误",
    "Site.BulkServiceAction.NothingToProcess": "请选择要处理的数据?",
    "Site.BulkServiceAction.SomeHadErrorsFormat": "操作完成。成功处理{0}条，失败{0}条。",
    "Site.Layout.FooterCopyright": "Copyright (c) 2015.",
    "Site.Layout.FooterInfo": "Serenity平台",
    "Site.Layout.GeneralSettings": "基本设置",
    "Site.Layout.Language": "语言",
    "Site.Layout.Theme": "主题",
    "Site.RolePermissionDialog.DialogTitle": "修改角色权限({0})",
    "Site.RolePermissionDialog.EditButton": "修改权限",
    "Site.RolePermissionDialog.SaveSuccess": "更新角色权限",
    "Site.UserDialog.EditPermissionsButton": "修改权限",
    "Site.UserDialog.EditRolesButton": "修改角色",
    "Site.UserPermissionDialog.DialogTitle": "修改用户权限({0})",
    "Site.UserPermissionDialog.Grant": "授予",
    "Site.UserPermissionDialog.Permission": "权限",
    "Site.UserPermissionDialog.Revoke": "移除",
    "Site.UserPermissionDialog.SaveSuccess": "用户权限已更新。",
    "Site.UserRoleDialog.DialogTitle": "修改用户角色({0})",
    "Site.UserRoleDialog.SaveSuccess": "用户角色已更新。",
    "Site.ValidationError.Title": "错误",
    "Validation.CantFindUserWithEmail": "找不到用户的电子邮件地址!",
    "Validation.CurrentPasswordMismatch": "当前密码无效",
    "Validation.DeleteForeignKeyError": "无法删除数据。'{0}'数据表中有依赖该信息的数据。",
    "Validation.EmailConfirm": "两次输入的邮件地址不匹配!",
    "Validation.EmailInUse": "邮件被占用!",
    "Validation.InvalidActivateToken": "你用于激活账号的链接无效或者已过期!",
    "Validation.InvalidResetToken": "你用于重置密码的链接无效或者已过期!",
    "Validation.MinRequiredPasswordLength": "输入的密码长度不够(最短{0}个字符)!",
    "Validation.PasswordConfirm": "两次输入的密码不符。",
    "Validation.Recaptcha": "请验证你不是机器人!",
    "Validation.SavePrimaryKeyError": "不能保存数据。有另外一条数据有相同的{0}值!"
}