{
    "Db.Administration.Language.EntityPlural": "Lingue",
    "Db.Administration.Language.EntitySingular": "Lingua",
    "Db.Administration.Language.LanguageId": "Id Lingua",
    "Db.Administration.Language.LanguageName": "Nome Lingua",
    "Db.Administration.Role.EntityPlural": "Ruoli",
    "Db.Administration.Role.EntitySingular": "Ruolo",
    "Db.Administration.Role.RoleId": "Id Ruolo",
    "Db.Administration.Role.RoleName": "Nome Ruolo",
    "Db.Administration.RolePermission.EntityPlural": "Permessi Ruolo",
    "Db.Administration.RolePermission.EntitySingular": "Permesso Ruolo",
    "Db.Administration.RolePermission.PermissionKey": "Chiave Permesso",
    "Db.Administration.RolePermission.RoleId": "Id Ruolo",
    "Db.Administration.RolePermission.RolePermissionId": "Id Permesso Ruolo",
    "Db.Administration.RolePermission.RoleRoleName": "Nome Ruolo",
    "Db.Administration.Translation.CustomText": "Traduzione utente nella lingua di destinazione",
    "Db.Administration.Translation.EntityPlural": "Traduzioni",
    "Db.Administration.Translation.Key": "Chiave Testo Locale",
    "Db.Administration.Translation.OverrideConfirmation": "Sovrascrivere la traduzione utente con il testo cliccato?",
    "Db.Administration.Translation.SaveChangesButton": "Salva Variazioni",
    "Db.Administration.Translation.SourceLanguage": "Lingua di Origine",
    "Db.Administration.Translation.SourceText": "Traduzione effettiva nella lingua di origine",
    "Db.Administration.Translation.TargetLanguage": "Lingua di destinazione",
    "Db.Administration.Translation.TargetText": "Traduzione effettiva nella lingua di destinazione",
    "Db.Administration.User.DisplayName": "Nome Mostrato",
    "Db.Administration.User.Email": "Email",
    "Db.Administration.User.EntityPlural": "Utenti",
    "Db.Administration.User.EntitySingular": "Utente",
    "Db.Administration.User.LastDirectoryUpdate": "Ultima Cartella Aggiornata",
    "Db.Administration.User.Password": "Password",
    "Db.Administration.User.PasswordConfirm": "Conferma Password",
    "Db.Administration.User.PasswordHash": "Password Hash",
    "Db.Administration.User.PasswordSalt": "Password Salt",
    "Db.Administration.User.Source": "Sorgente",
    "Db.Administration.User.UserId": "Id Utente",
    "Db.Administration.User.Username": "Nome utente",
    "Db.Administration.UserPermission.EntityPlural": "PermessiUtente",
    "Db.Administration.UserPermission.EntitySingular": "PermessoUtente",
    "Db.Administration.UserPermission.PermissionKey": "Chiave Permesso",
    "Db.Administration.UserPermission.User": "Nome utente mostrato",
    "Db.Administration.UserPermission.UserId": "Id Utente",
    "Db.Administration.UserPermission.Username": "Nome utente",
    "Db.Administration.UserPermission.UserPermissionId": "Id Permesso Utente",
    "Db.Administration.UserRole.EntityPlural": "RuoliUtente",
    "Db.Administration.UserRole.EntitySingular": "RuoloUtente",
    "Db.Administration.UserRole.RoleId": "Id Ruolo",
    "Db.Administration.UserRole.User": "Nome utente mostrato",
    "Db.Administration.UserRole.UserId": "Id Utente",
    "Db.Administration.UserRole.Username": "Nome utente",
    "Db.Administration.UserRole.UserRoleId": "Id Ruolo Utente",
    "Forms.Membership.ChangePassword.FormTitle": "Cambia Password",
    "Forms.Membership.ChangePassword.SubmitButton": "Cambia Password",
    "Forms.Membership.ChangePassword.Success": "La tua password è cambiata.",
    "Forms.Membership.ForgotPassword.FormInfo": "Per favore, immettere la mail utilizzata per la registrazione.",
    "Forms.Membership.ForgotPassword.FormTitle": "Password dimenticata",
    "Forms.Membership.ForgotPassword.SubmitButton": "Reimposta password",
    "Forms.Membership.ForgotPassword.Success": "E' stata inviata una mail con le istruzioni per reimpostare la password al tuo indirizzo di posta elettronica.",
    "Forms.Membership.Login.ForgotPassword": "password dimenticata?",
    "Forms.Membership.Login.FormTitle": "Benvenuto in SERENE (Serenity Application Template)",
    "Forms.Membership.Login.SignInButton": "Entra",
    "Forms.Membership.Login.SignUpButton": "registra un nuovo account",
    "Forms.Membership.ResetPassword.EmailSubject": "Reimposta la tua password",
    "Forms.Membership.ResetPassword.FormTitle": "Reimposta Password",
    "Forms.Membership.ResetPassword.SubmitButton": "Reimposta Password",
    "Forms.Membership.ResetPassword.Success": "La tua password è cambiata. Per favore, rifai il login con la nuova password.",
    "Forms.Membership.SignUp.ActivateEmailSubject": "Attiva il tuo Account.",
    "Forms.Membership.SignUp.ActivationCompleteMessage": "Il tuo account è ora attivo. Usare la mail e la password utilizzate durante la registrazione.",
    "Forms.Membership.SignUp.FormInfo": "Immettere i dettagli per creare un account.",
    "Forms.Membership.SignUp.FormTitle": "Entra",
    "Forms.Membership.SignUp.SubmitButton": "Entra",
    "Forms.Membership.SignUp.Success": "Una mail con le istruzioni per attivare il tuo account è stato inviato al tuo indirizzo di posta elettronica. Per favore, controlla le tue mail.",
    "Navigation.Administration": "Amministrazione",
    "Navigation.Administration/Languages": "Lingue",
    "Navigation.Administration/Roles": "Ruoli",
    "Navigation.Administration/Translations": "Traduzioni",
    "Navigation.Administration/User Management": "Gestione Utente",
    "Navigation.Dashboard": "Cruscotto",
    "Navigation.LogoutLink": "Esci",
    "Permission.Administration:": "Amministrazione",
    "Permission.Administration:Security": "Utente, Gestione Ruolo e Permessi",
    "Permission.Administration:Translation": "Lingue e Traduzioni",
    "Validation.AuthenticationError": "Nome utente o password non validi!",
    "Validation.CantFindUserWithEmail": "Non è possibile trovare un utente con questo indirizzo e-mail!",
    "Validation.CurrentPasswordMismatch": "La password corrente non è valida!",
    "Validation.DeleteForeignKeyError": "Impossibile cancellare il record. La tabella '{0}' contiene dei record che dipendono da esso!",
    "Validation.EmailConfirm": "L'indirizzo e-mail immesso non coincide!",
    "Validation.EmailInUse": "Esiste già un altro utente con questa e-mail!",
    "Validation.InvalidActivateToken": "Il token per attivare il vostro account non è valido oppure è scaduto!",
    "Validation.InvalidResetToken": "Il token per reimpostare la password non è valido oppure è scaduto!",
    "Validation.MinRequiredPasswordLength": "La password immessa non ha abbastanza caratteri (min {0})!",
    "Validation.PasswordConfirm": "La password immessa non coincide.",
    "Validation.SavePrimaryKeyError": "Impossibile salvare il record. Esiste un altro record con lo stesso valore {1}!",
    "Validation.UsernameExists": "Questo nome utente è già utilizzato. Per favore, sceglierne un altro."
}
