﻿{
  "Db.Common.UserPreference.EntityPlural": "Tùy chọn người dùng",
  "Db.Common.UserPreference.EntitySingular": "Tùy chọn người dùng",
  "Db.Common.UserPreference.Name": "Tên",
  "Db.Common.UserPreference.PreferenceType": "Loại tùy chọn",
  "Db.Common.UserPreference.UserId": "Người dùng",
  "Db.Common.UserPreference.UserPreferenceId": "Tùy chọn",
  "Db.Common.UserPreference.Value": "Giá trị",
  "Db.Administration.Language.EntityPlural": "Ngôn ngữ",
  "Db.Administration.Language.EntitySingular": "Ngôn ngữ",
  "Db.Administration.Language.LanguageId": "Ngôn ngữ",
  "Db.Administration.Language.LanguageName": "Tên ngôn ngữ",
  "Db.Administration.Role.EntityPlural": "Nhóm quyền",
  "Db.Administration.Role.EntitySingular": "Nhóm quyền",
  "Db.Administration.Role.RoleId": "Nhóm quyền",
  "Db.Administration.Role.RoleName": "Tên nhóm quyền",
  "Db.Administration.RolePermission.EntityPlural": "Quyền truy cập",
  "Db.Administration.RolePermission.EntitySingular": "Quyền truy cập",
  "Db.Administration.RolePermission.PermissionKey": "Khóa",
  "Db.Administration.RolePermission.RoleId": "Nhóm quyền",
  "Db.Administration.RolePermission.RolePermissionId": "Quyền truy cập",
  "Db.Administration.RolePermission.RoleRoleName": "Tên nhóm quyền",
  "Db.Administration.Translation.CustomText": "Bản dịch người dùng trong ngôn ngữ đích",
  "Db.Administration.Translation.EntityPlural": "Bản dịch",
  "Db.Administration.Translation.Key": "Khóa",
  "Db.Administration.Translation.OverrideConfirmation": "Ghi dè bàn dịch của người dùng khi nhấp chuột?",
  "Db.Administration.Translation.SaveChangesButton": "Lưu thay đổi",
  "Db.Administration.Translation.SourceLanguage": "Ngôn ngữ nguồn",
  "Db.Administration.Translation.SourceText": "Bản dịch có hiệu lực trong Ngôn ngữ nguồn",
  "Db.Administration.Translation.TargetLanguage": "Ngôn ngữ đích",
  "Db.Administration.Translation.TargetText": "Bản dịch có hiệu lực trong Ngôn ngữ đích",
  "Db.Administration.User.DisplayName": "Tên hiển thị",
  "Db.Administration.User.Email": "Email",
  "Db.Administration.User.EntityPlural": "Danh sách Người dùng",
  "Db.Administration.User.EntitySingular": "Người dùng",
  "Db.Administration.User.LastDirectoryUpdate": "Ngày cập nhật",
  "Db.Administration.User.Password": "Mật khẩu",
  "Db.Administration.User.PasswordConfirm": "Xác nhận mật khẩu",
  "Db.Administration.User.PasswordHash": "Băm mật khẩu (Hash)",
  "Db.Administration.User.PasswordSalt": "Muối mật khẩu (Salt)",
  "Db.Administration.User.Source": "Nguồn",
  "Db.Administration.User.UserId": "Mã người dùng",
  "Db.Administration.User.Username": "Tên đăng nhập",
  "Db.Administration.UserPermission.EntityPlural": "Quyền người dùng",
  "Db.Administration.UserPermission.EntitySingular": "Quyền người dùng",
  "Db.Administration.UserPermission.Granted": "Cấp quyền",
  "Db.Administration.UserPermission.PermissionKey": "Khóa quyền truy cập",
  "Db.Administration.UserPermission.User": "Tên hiển thị",
  "Db.Administration.UserPermission.UserId": "Người dùng",
  "Db.Administration.UserPermission.Username": "Tên đăng nhập",
  "Db.Administration.UserPermission.UserPermissionId": "Quyền truy cập",
  "Db.Administration.UserRole.EntityPlural": "Phân quyền",
  "Db.Administration.UserRole.EntitySingular": "Phân quyền",
  "Db.Administration.UserRole.RoleId": "Nhóm quyền",
  "Db.Administration.UserRole.User": "Tên hiển thị",
  "Db.Administration.UserRole.UserId": "Người dùng",
  "Db.Administration.UserRole.Username": "Tên đăng nhập",
  "Db.Administration.UserRole.UserRoleId": "Nhóm quyền",
  "Db.Administration.User.UserImage": "Ảnh",
  "Forms.Membership.ChangePassword.ConfirmPassword": "Xác nhận mật khẩu",
  "Forms.Membership.ChangePassword.FormTitle": "Thay đổi mật khẩu",
  "Forms.Membership.ChangePassword.NewPassword": "Mật khẩu mới",
  "Forms.Membership.ChangePassword.OldPassword": "Mật khẩu cũ",
  "Forms.Membership.ChangePassword.SubmitButton": "Thay đổi mật khẩu",
  "Forms.Membership.ChangePassword.Success": "Mật khẩu của bạn được thay đổi.",
  "Forms.Membership.ForgotPassword.Email": "Email",
  "Forms.Membership.ForgotPassword.FormInfo": "Vui lòng nhập e-mail mà bạn đã dùng để đăng ký.",
  "Forms.Membership.ForgotPassword.FormTitle": "Quên mật khẩu",
  "Forms.Membership.ForgotPassword.SubmitButton": "Lấy lại mật khẩu",
  "Forms.Membership.ForgotPassword.Success": "Một e-mail với hướng dẫn đặt lại mật khẩu đã được gửi đến địa chỉ e-mail của bạn.",
  "Forms.Membership.Login.ForgotPassword": "Quên mật khẩu?",
  "Forms.Membership.Login.FormTitle": "Đăng nhập",
  "Forms.Membership.Login.Password_Placeholder": "mặc định là 'serenity'",
  "Forms.Membership.Login.SignInButton": "Đăng nhập",
  "Forms.Membership.Login.SignUpButton": "Đăng ký tài khoản mới",
  "Forms.Membership.Login.Username_Placeholder": "mặc định là 'admin'",
  "Forms.Membership.ResetPassword.ConfirmPassword": "Xác nhận mật khẩu",
  "Forms.Membership.ResetPassword.EmailSubject": "Khởi tạo lại mật khẩu của bạn",
  "Forms.Membership.ResetPassword.FormTitle": "Thiết lập lại mật khẩu",
  "Forms.Membership.ResetPassword.NewPassword": "Mật khẩu mới",
  "Forms.Membership.ResetPassword.SubmitButton": "Thiết lập lại mật khẩu",
  "Forms.Membership.ResetPassword.Success": "Mật khẩu của bạn được thay đổi. Hãy đăng nhập với mật khẩu mới.",
  "Forms.Membership.SignUp.ActivateEmailSubject": "Kích hoạt tài khoản của bạn",
  "Forms.Membership.SignUp.ActivationCompleteMessage": "Tài khoản của bạn đã được kích hoạt. Sử dụng e-mail và mật khẩu mà bạn sử dụng khi đăng ký để đăng nhập.",
  "Forms.Membership.SignUp.ConfirmEmail": "Xác nhận Email",
  "Forms.Membership.SignUp.ConfirmPassword": "Xác nhận mật khẩu",
  "Forms.Membership.SignUp.DisplayName": "Họ tên",
  "Forms.Membership.SignUp.Email": "E-mail",
  "Forms.Membership.SignUp.FormInfo": "Nhập thông tin chi tiết để tạo tài khoản.",
  "Forms.Membership.SignUp.FormTitle": "Đăng ký",
  "Forms.Membership.SignUp.Password": "Mật khẩu",
  "Forms.Membership.SignUp.SubmitButton": "Đăng ký",
  "Forms.Membership.SignUp.Success": "Một e-mail hướng dẫn kích hoạt tài khoản đã được gửi đến địa chỉ e-mail của bạn. Vui lòng kiểm tra e-mail.",
  "Forms.Pasmand.Customer.Categories.Address": "Địa chỉ",
  "Navigation.Administration": "Quản trị",
  "Navigation.Administration/Exceptions Log": "Nhật ký lỗi",
  "Navigation.Administration/Languages": "Ngôn ngữ",
  "Navigation.Administration/Roles": "Nhóm quyền",
  "Navigation.Administration/Translations": "Bản dịch",
  "Navigation.Administration/User Management": "Quản lý người dùng",
  "Navigation.Dashboard": "Bảng điều khiển",
  "Navigation.LogoutLink": "Thoát",
  "Navigation.SiteTitle": "CustomerSupport",
  "Permission.Administration:": "Quản trị",
  "Permission.Administration: dịch": "Quản trị: Bản dịch",
  "Permission.Administration: Security": "Quản trị: Bảo mật",
  "Permission.Administration:Security": "Người dùng, Nhóm quyền, Quyền truy cập",
  "Permission.Administration:Translation": "Ngôn ngữ và Bản dịch",
  "Site.BasicProgressDialog.CancelTitle": "Đã hủy thao tác. Vui lòng chờ trong tiến trình hủy được hoàn tất...",
  "Site.BasicProgressDialog.PleaseWait": "Vui lòng chờ...",
  "Site.BulkServiceAction.AllHadErrorsFormat": "Tất cả {0} dòng được xử lý đều có lỗi!",
  "Site.BulkServiceAction.AllSuccessFormat": "Xử lý thành công {0} dòng.",
  "Site.BulkServiceAction.ConfirmationFormat": "Thực hiện thao tác này trên {0} dòng được chọn?",
  "Site.BulkServiceAction.ErrorCount": "{0} lỗi",
  "Site.BulkServiceAction.NothingToProcess": "Hãy chọn một số dòng để xử lý!",
  "Site.BulkServiceAction.SomeHadErrorsFormat": "Xử lý thành công {0} dòng. {1} dòng có lỗi!",
  "Site.BulkServiceAction.SuccessCount": "{0} đã được thực hiện",
  "Site.Dashboard.ContentDescription": "Mẫu dữ liệu ngẫu nhiên (từ chủ đề giao diện miễn phí <em><a href = 'https://almsaeedstudio.com/' target= '_blank'>AdminLTE</a></em>)",
  "Site.Dashboard.WelcomeMessage": "Chào mừng đến với CustomerSupport!",
  "Site.Layout.FooterCopyright": "Bản quyền (c) 2015.",
  "Site.Layout.FooterInfo": "Nền tảng ứng dụng Serenity",
  "Site.Layout.FooterRights": "Giữ toàn quyền.",
  "Site.Layout.GeneralSettings": "Thiết lập chung",
  "Site.Layout.Language": "Ngôn ngữ",
  "Site.Layout.Theme": "Giao diện",
  "Site.Layout.ThemeBlack": "Đen",
  "Site.Layout.ThemeBlackLight": "Đen sáng",
  "Site.Layout.ThemeBlue": "Xanh dương",
  "Site.Layout.ThemeBlueLight": "Xanh dương sáng",
  "Site.Layout.ThemeGreen": "Xanh lá cây",
  "Site.Layout.ThemeGreenLight": "Xanh lá cây sáng",
  "Site.Layout.ThemePurple": "Tím",
  "Site.Layout.ThemePurpleLight": "Tím sáng",
  "Site.Layout.ThemeRed": "Đỏ",
  "Site.Layout.ThemeRedLight": "Đỏ sáng",
  "Site.Layout.ThemeYellow": "Vàng",
  "Site.Layout.ThemeYellowLight": "Vàng sáng",
  "Site.RolePermissionDialog.DialogTitle": "Chỉnh sửa quyền truy cập ({0})",
  "Site.RolePermissionDialog.EditButton": "Sửa quyền truy cập",
  "Site.RolePermissionDialog.SaveSuccess": "Quyền truy cập đã được sửa.",
  "Site.UserDialog.EditPermissionsButton": "Sửa quyền truy cập",
  "Site.UserDialog.EditRolesButton": "Sửa nhóm quyền",
  "Site.UserPermissionDialog.DialogTitle": "Chỉnh sửa phân quyền truy cập  ({0})",
  "Site.UserPermissionDialog.Grant": "Cấp quyền",
  "Site.UserPermissionDialog.Permission": "Quyền truy cập",
  "Site.UserPermissionDialog.Revoke": "Thu hồi",
  "Site.UserPermissionDialog.SaveSuccess": "Phân quyền truy cập cho người dùng đã được cập nhật.",
  "Site.UserRoleDialog.DialogTitle": "Chỉnh sửa nhóm quyền người dùng ({0})",
  "Site.UserRoleDialog.SaveSuccess": "Nhóm quyền người dùng đã được cập nhật.",
  "Site.ValidationError.Title": "LỖI",
  "Validation.AuthenticationError": "Tên đăng nhập hoặc mật khẩu không hợp lệ!",
  "Validation.CantFindUserWithEmail": "Không tìm thấy người dùng nào có e-mail này!",
  "Validation.CurrentPasswordMismatch": "Mật khẩu hiện tại không đúng!",
  "Validation.DeleteForeignKeyError": "Không thể xóa dòng này. Bảng '{0}' có các dòng phụ thuộc vào bảng này!",
  "Validation.EmailConfirm": "Các email đã nhập vào không khớp nhau!",
  "Validation.EmailExists": "Có người sử dụng đã đăng ký với địa chỉ e-mail này. Nếu bạn không nhớ mật khẩu của mình, sử dụng biểu mẫu quên mật khẩu.",
  "Validation.EmailInUse": "Một người dùng khác đã sử dụng e-mail này!",
  "Validation.InvalidActivateToken": "Mã token để kích hoạt tài khoản của bạn không hợp lệ hoặc đã hết hạn!",
  "Validation.InvalidResetToken": "Mã token khởi tạo lại mật khẩu của bạn không hợp lệ hoặc đã hết hạn!",
  "Validation.MinRequiredPasswordLength": "Mật khẩu đã nhập không đủ số kí tự (tối thiểu {0})!",
  "Validation.SavePrimaryKeyError": "Không thể lưu dòng dữ liệu. Đã có dòng dữ liệu khách có cùng giá trị {1}!"
}