{
    "Authorization.AccessDenied": "Autorización denegada",
    "Authorization.NotLoggedIn": "Esta petición requiere autorización",
    "Controls.EntityDialog.ApplyChangesButton": "Aplicar cambios",
    "Controls.EntityDialog.CloneButton": "Clonar",
    "Controls.EntityDialog.DeleteButton": "Borrar",
    "Controls.EntityDialog.DeleteConfirmation": "Borrar registro?",
    "Controls.EntityDialog.EditRecordTitle": "Editar {0} {1}",
    "Controls.EntityDialog.LocalizationBack": "Atrás",
    "Controls.EntityDialog.LocalizationButton": "Localización",
    "Controls.EntityDialog.LocalizationConfirmation": "Guardar traducciones?",
    "Controls.EntityDialog.NewRecordTitle": "Agregar",
    "Controls.EntityDialog.SaveButton": "Guardar",
    "Controls.EntityDialog.SaveSuccessMessage": "Guardar éxito",
    "Controls.EntityDialog.UndeleteButton": "Undelete",
    "Controls.EntityDialog.UndeleteConfirmation": "Undelete registro?",
    "Controls.EntityDialog.UpdateButton": "Actualizar",
    "Controls.EntityGrid.IncludeDeletedToggle": "mostrar registros inactivos",
    "Controls.EntityGrid.NewButton": "Agregar {0}",
    "Controls.EntityGrid.RefreshButton": "Recargar",
    "Controls.FilterPanel.AddFilter": "Añadir criterios",
    "Controls.FilterPanel.All": "<todos>",
    "Controls.FilterPanel.And": "y",
    "Controls.FilterPanel.AndInParens": "(y)",
    "Controls.FilterPanel.ApplyGroups": "aplicar agrupación",
    "Controls.FilterPanel.ChangeAndOr": "haga clic en para alternar entre Y / O",
    "Controls.FilterPanel.ClearGroups": "limpiar aglupación",
    "Controls.FilterPanel.CurrentFilter": "Filtro Activo: {0}",
    "Controls.FilterPanel.DialogTitle": "Editar filtro",
    "Controls.FilterPanel.EditFilter": "editar filtro",
    "Controls.FilterPanel.EffectiveEmpty": "Ninguno",
    "Controls.FilterPanel.EffectiveFilter": "Filtro activo",
    "Controls.FilterPanel.FixErrorsMessage": "Corrija los errores que están marcadas en rojo",
    "Controls.FilterPanel.GroupBy": "--grupo--",
    "Controls.FilterPanel.InvalidDate": "fecha no válida!",
    "Controls.FilterPanel.InvalidNumber": "número no válido!",
    "Controls.FilterPanel.InvalidOperator": "operador no válido!",
    "Controls.FilterPanel.OperatorFormats.bw": "{0} es de entre {1} y {2}",
    "Controls.FilterPanel.OperatorFormats.contains": "{0} contiene '{1}'",
    "Controls.FilterPanel.OperatorFormats.eq": "{0} = {1}",
    "Controls.FilterPanel.OperatorFormats.false": "{0} = no",
    "Controls.FilterPanel.OperatorFormats.ge": "{0} >= {1}",
    "Controls.FilterPanel.OperatorFormats.gt": "{0} > {1}",
    "Controls.FilterPanel.OperatorFormats.in": "{0} es una de [{1}]",
    "Controls.FilterPanel.OperatorFormats.isnotnull": "{0} no es nulo",
    "Controls.FilterPanel.OperatorFormats.isnull": "{0} es nulo",
    "Controls.FilterPanel.OperatorFormats.le": "{0} <= {1}",
    "Controls.FilterPanel.OperatorFormats.lt": "{0} < {1}",
    "Controls.FilterPanel.OperatorFormats.ne": "{0} <> {1}",
    "Controls.FilterPanel.OperatorFormats.startswith": "{0} comienza con '{1}'",
    "Controls.FilterPanel.OperatorFormats.true": "{0} = sí",
    "Controls.FilterPanel.OperatorNames.bw": "entre",
    "Controls.FilterPanel.OperatorNames.contains": "contiene",
    "Controls.FilterPanel.OperatorNames.eq": "igual",
    "Controls.FilterPanel.OperatorNames.false": "no",
    "Controls.FilterPanel.OperatorNames.ge": "mayor o igual",
    "Controls.FilterPanel.OperatorNames.gt": "más que",
    "Controls.FilterPanel.OperatorNames.in": "en",
    "Controls.FilterPanel.OperatorNames.isnotnull": "no es nulo",
    "Controls.FilterPanel.OperatorNames.isnull": "es nulo",
    "Controls.FilterPanel.OperatorNames.le": "menos de o igual",
    "Controls.FilterPanel.OperatorNames.lt": "menos que",
    "Controls.FilterPanel.OperatorNames.ne": "no igual",
    "Controls.FilterPanel.OperatorNames.startswith": "comienza con",
    "Controls.FilterPanel.OperatorNames.true": "sí",
    "Controls.FilterPanel.Or": "o",
    "Controls.FilterPanel.OrInParens": "(o)",
    "Controls.FilterPanel.RemoveField": "eliminar criterios",
    "Controls.FilterPanel.ResetButton": "Limpiar",
    "Controls.FilterPanel.ResetFilterHint": "Limpiar filtro",
    "Controls.FilterPanel.SearchButton": "aplicar el filtro",
    "Controls.FilterPanel.SelectField": "---seleccione el campo---",
    "Controls.FilterPanel.ThenBy": "--luego por--",
    "Controls.FilterPanel.ValueRequired": "valor requerido!",
    "Controls.ImageUpload.AddFileButton": "Seleccione archivo",
    "Controls.ImageUpload.DeleteButtonHint": "Quitar",
    "Controls.ImageUpload.UploadFileTooBig": "El archivo subido debe ser menor de {0}",
    "Controls.ImageUpload.UploadFileTooSmall": "El archivo subido debe ser de al menos {0}",
    "Controls.Pager.DefaultLoadError": "Se produjo un error al cargar los datos!",
    "Controls.Pager.LoadingStatus": "Por favor espere, cargando datos...",
    "Controls.Pager.NoRowStatus": "No hay registros",
    "Controls.Pager.Page": "PÃ¡gina",
    "Controls.Pager.PageStatus": "Mostrando {from} de {to} de {total} registros totales",
    "Controls.PropertyGrid.DefaultCategory": "Propiedades",
    "Controls.PropertyGrid.RequiredHint": "Se requiere este campo",
    "Controls.QuickSearch.FieldSelection": "seleccione el campo para buscar en",
    "Controls.QuickSearch.Hint": "introduzca el texto a buscar ...",
    "Controls.QuickSearch.Placeholder": "buscar ...",
    "Controls.SelectEditor.ClickToDefine": "*** Haga clic para definir uno nuevo ***",
    "Controls.SelectEditor.EmptyItemText": "--seleccionar--",
    "Controls.SelectEditor.InplaceAdd": "Definir nuevo",
    "Controls.SelectEditor.InplaceEdit": "Editar",
    "Controls.SelectEditor.NoResultsClickToDefine": "*** No hay resultados. Haga clic para definir uno nuevo ***",
    "Db.Shared.RecordId": "ID",
    "Dialogs.AlertTitle": "Alerta",
    "Dialogs.CancelButton": "Cancelar",
    "Dialogs.ConfirmationTitle": "Confirmar",
    "Dialogs.InformationTitle": "InformaciÃ³n",
    "Dialogs.MaximizeHint": "Maximizar",
    "Dialogs.NoButton": "No",
    "Dialogs.OkButton": "OK",
    "Dialogs.RestoreHint": "Restaurar",
    "Dialogs.WarningTitle": "Advertencia",
    "Dialogs.YesButton": "SÃ­",
    "Validation.ArgumentIsNull": "El argumento {0} es nulo!",
    "Validation.ArgumentOutOfRange": "El argumento {0} está fuera de rango!",
    "Validation.AuthenticationError": "Usuario o contraseña invalido!",
    "Validation.CaptchaMismatch": "Código incorrecto. Si no puede ver con claridad el código, puede generar uno nuevo haciendo clic en la imagen.",
    "Validation.CurrentPasswordMismatch": "Su contraseña actual no es válida!",
    "Validation.DateInvalid": "Por favor, introduzca una fecha vÃ¡lida.",
    "Validation.DayHourAndMin": "Por favor, introduzca un intervalo de tiempo vÃ¡lido (por ejemplo, 2.15: 30)",
    "Validation.Decimal": "Por favor, introduzca un valor decimal vÃ¡lido.",
    "Validation.DeleteForeignKeyError": "No se puede eliminar el registro. La tabla '{0}' tiene registros que dependen de éste!",
    "Validation.Digits": "Por favor, utilice únicamente dígitos 0-9.",
    "Validation.Email": "Por favor, introduce una dirección de correo electrónico válida.",
    "Validation.EmailExists": "Hay otro usuario registrado con esta dirección de correo electrónico. Si no recuerda su contraseña, utilice el formulario Olvide mi contraseña.",
    "Validation.EmailMultiple": "Por favor, introduzca una dirección válida de correo electrónico (si hay más de uno, use ';' como separador)",
    "Validation.EntityHasDeletedParent": "Antes de operar en este registro, su padre debe ser eliminado!",
    "Validation.EntityNotFound": "Registro no encontrado. Puede que haya sido eliminado o que no tiene permisos necesarios!",
    "Validation.EntityReadAccessViolation": "Usted no tiene los permisos requeridos para ver {0} registro con clave: {1}",
    "Validation.EntityWriteAccessViolation": "Usted no tiene los permisos requeridos para actualizar {0} registro con clave: {1}",
    "Validation.FieldInvalidDateRange": "{0} no puede ser menor que {1}!",
    "Validation.FieldInvalidValue": "Valor no valido para este campo.",
    "Validation.FieldIsReadOnly": "El campo {0} es de solo lectura!",
    "Validation.FieldIsRequired": "El campo {0} es obligatorio!",
    "Validation.HourAndMin": "Por favor, introduzca una hora válida (por ejemplo, 15:30)",
    "Validation.IncorrectPassword": "ContraseÃ±a incorrecta. Por favor, compruebe.",
    "Validation.Integer": "Por favor, introduzca un valor entero vÃ¡lido.",
    "Validation.InvalidActivateToken": "El token para activar su cuenta no es válido o ha expirado!",
    "Validation.InvalidFormMessage": "Por favor, validar entradas vacÃ­as o no vÃ¡lidas (marcadas con rojo) antes de enviar el formulario.",
    "Validation.InvalidResetToken": "El token para restablecer la contraseña no es válido o ha expirado!",
    "Validation.MaxDate": "Por favor, introduzca una fecha antes de '{0}'.",
    "Validation.MaxLength": "Por favor, no ingrese más de {0} caracteres.",
    "Validation.MinDate": "Por favor, introduzca una fecha después de '{0}'.",
    "Validation.MinLength": "Por favor, ingrese al menos {0} caracteres.",
    "Validation.PasswordConfirm": "Las contraseñas no coinciden",
    "Validation.Range": "Por favor, introduzca un valor entre {0} y {1}.",
    "Validation.Recaptcha": "Por favor, verifique que no es un robot!",
    "Validation.RequestIsNull": "Solicitud nula!",
    "Validation.Required": "Este campo es obligatorio.",
    "Validation.SavePrimaryKeyError": "No se puede guardar el registro. Hay otro con el mismo valor {1}!",
    "Validation.UnexpectedError": "Ha ocurrido un error inesperado!",
    "Validation.UniqueConstraint": "Existe otro registro con el valor '{0}'!",
    "Validation.Url": "Por favor, introduzca una URL vÃ¡lida (por ejemplo http://www.site.com).",
    "Validation.Username": "Nombre de usuario no válido.",
    "Validation.UsernameExists": "Este nombre de usuario ya está siendo utilizado. Por favor elija otro.",
    "Validation.Xss": "Valor no vÃ¡lido! (no utilice '&lt;' y '&amp;')"
}