{
    "Authorization.AccessDenied": "Авторизация по этому запросу была отклонена!",
    "Authorization.NotLoggedIn": "Для этой операции Вы должны авторизоваться !",
    "Controls.EntityDialog.ApplyChangesButton": "Применить изменения",
    "Controls.EntityDialog.CloneButton": "Скопировать запись",
    "Controls.EntityDialog.DeleteButton": "Удалить",
    "Controls.EntityDialog.DeleteConfirmation": "Вы уверены, что Вы хотите удалить запись?",
    "Controls.EntityDialog.EditRecordTitle": "Редактировать {0}{1}",
    "Controls.EntityDialog.NewRecordTitle": "Новое {0}",
    "Controls.EntityDialog.SaveButton": "Сохранить",
    "Controls.EntityDialog.SaveSuccessMessage": "Сохранение прошло успешно",
    "Controls.EntityDialog.UndeleteButton": "Восстановить",
    "Controls.EntityDialog.UndeleteConfirmation": "Вы хотите восстановить запись?",
    "Controls.EntityDialog.UpdateButton": "Обновить",
    "Controls.EntityGrid.IncludeDeletedToggle": "Показать неактивные записи",
    "Controls.EntityGrid.NewButton": "Новое {0}",
    "Controls.EntityGrid.RefreshButton": "Восстановить", 
    "Controls.Pager.DefaultLoadError": "Произошла ошибка при загрузке данных!",
    "Controls.Pager.LoadingStatus": "Подождите, идет загрузка данных ...",
    "Controls.Pager.NoRowStatus": "Записей нет",
    "Controls.Pager.Page": "Страница",
    "Controls.Pager.PageStatus": "Показать {from}-{to} от {total} всех записей ",
    "Controls.PropertyGrid.DefaultCategory": "Cвойства",
    "Controls.PropertyGrid.RequiredHint": "заполнение данного поля обязательно",
    "Controls.QuickSearch.FieldSelection": "выберите поле для поиска",
    "Controls.QuickSearch.Hint": "введите текст для поиска ...",
    "Controls.QuickSearch.Placeholder": "поиск ..."
}