{
    "Db.BusinessObjects.Category.CategoryID": "شناسه",
    "Db.BusinessObjects.Category.CategoryName": "نام",
    "Db.BusinessObjects.Category.Description": "توضیحات",
    "Db.BusinessObjects.Category.EntityPlural": "گروه ها",
    "Db.BusinessObjects.Category.EntitySingular": "گروه",
    "Db.BusinessObjects.Category.Picture": "تصویر",
    "Db.BusinessObjects.Customer.Address": "آدرس",
    "Db.BusinessObjects.Customer.City": "شهر",
    "Db.BusinessObjects.Customer.CompanyName": "شرکت",
    "Db.BusinessObjects.Customer.ContactName": "نام",
    "Db.BusinessObjects.Customer.ContactTitle": "عنوان",
    "Db.BusinessObjects.Customer.Country": "کشور",
    "Db.BusinessObjects.Customer.CustomerID": "شناسه مشترک",
    "Db.BusinessObjects.Customer.EntityPlural": "مشتریان",
    "Db.BusinessObjects.Customer.EntitySingular": "مشترک",
    "Db.BusinessObjects.Customer.Fax": "نمابر",
    "Db.BusinessObjects.Customer.ID": "شناسه",
    "Db.BusinessObjects.Customer.Phone": "تلفن",
    "Db.BusinessObjects.Customer.PostalCode": "کد پستی",
    "Db.BusinessObjects.Customer.Region": "منطقه",
    "Db.BusinessObjects.CustomerCustomerDemo.CustomerAddress": "آدرس",
    "Db.BusinessObjects.CustomerCustomerDemo.CustomerCity": "شهر",
    "Db.BusinessObjects.CustomerCustomerDemo.CustomerCompanyName": "شرکت",
    "Db.BusinessObjects.CustomerCustomerDemo.CustomerContactName": "نام",
    "Db.BusinessObjects.CustomerCustomerDemo.CustomerContactTitle": "عنوان",
    "Db.BusinessObjects.CustomerCustomerDemo.CustomerCountry": "کشور",
    "Db.BusinessObjects.CustomerCustomerDemo.CustomerFax": "نمابر",
    "Db.BusinessObjects.CustomerCustomerDemo.CustomerID": "مشتریان-شناسه",
    "Db.BusinessObjects.CustomerCustomerDemo.CustomerPhone": "تلفن",
    "Db.BusinessObjects.CustomerCustomerDemo.CustomerPostalCode": "کد پستی",
    "Db.BusinessObjects.CustomerCustomerDemo.CustomerRegion": "منطقه",
    "Db.BusinessObjects.CustomerCustomerDemo.CustomerTypeCustomerDesc": "توضیحات نوع مشترک",
    "Db.BusinessObjects.CustomerCustomerDemo.CustomerTypeID": "شناسه نوع مشترک",
    "Db.BusinessObjects.CustomerCustomerDemo.ID": "شناسه",
    "Db.BusinessObjects.CustomerDemographic.CustomerDesc": "توضیحات",
    "Db.BusinessObjects.CustomerDemographic.CustomerTypeID": "نوع مشتری",
    "Db.BusinessObjects.CustomerDemographic.ID": "شناسه",
    "Db.BusinessObjects.Employee.Address": "آدرس",
    "Db.BusinessObjects.Employee.BirthDate": "تاریخ تولد",
    "Db.BusinessObjects.Employee.City": "شهر",
    "Db.BusinessObjects.Employee.Country": "کشور",
    "Db.BusinessObjects.Employee.EmployeeID": "پرسنل",
    "Db.BusinessObjects.Employee.EntityPlural": "پرسنل",
    "Db.BusinessObjects.Employee.EntitySingular": "پرسنل",
    "Db.BusinessObjects.Employee.Extension": "افزونه",
    "Db.BusinessObjects.Employee.FirstName": "نام",
    "Db.BusinessObjects.Employee.FullName": "نام کامل",
    "Db.BusinessObjects.Employee.Gender": "جنسیت",
    "Db.BusinessObjects.Employee.HireDate": "تاریخ استخدام",
    "Db.BusinessObjects.Employee.HomePhone": "تلفن شخصی",
    "Db.BusinessObjects.Employee.LastName": "نام خانوادگی",
    "Db.BusinessObjects.Employee.Notes": "یادداشت",
    "Db.BusinessObjects.Employee.Photo": "تصویر",
    "Db.BusinessObjects.Employee.PhotoPath": "مسیر تصویر",
    "Db.BusinessObjects.Employee.PostalCode": "کد پستی",
    "Db.BusinessObjects.Employee.Region": "منطقه",
    "Db.BusinessObjects.OrderDetail.Quantity": "مقدار",
    "Db.BusinessObjects.OrderDetail.UnitPrice": "قیمت ها",
    "Db.BusinessObjects.Product.CategoryDescription": "توضیحات دسته",
    "Db.BusinessObjects.Product.CategoryID": "دسته",
    "Db.BusinessObjects.Product.CategoryName": "نام دسته",
    "Db.BusinessObjects.Product.CategoryPicture": "تصویر دسته",
    "Db.BusinessObjects.Product.Discontinued": "Stillgelegt",
    "Db.BusinessObjects.Product.EntityPlural": "کالاها",
    "Db.BusinessObjects.Product.EntitySingular": "کالا",
    "Db.BusinessObjects.Product.ProductID": "شناسه",
    "Db.BusinessObjects.Product.ProductImage": "Bild",
    "Db.BusinessObjects.Product.ProductName": "نام",
    "Db.BusinessObjects.Product.QuantityPerUnit": "مقدار در واحد",
    "Db.BusinessObjects.Product.ReorderLevel": "ReorderLevel",
    "Enums.BusinessObjects.OrderShippingState.NotShipped": "تحویل نشده",
    "Enums.BusinessObjects.OrderShippingState.Shipped": "تحویل شده",
    "Navigation.BusinessObjects": "نسیم شمال",
    "Navigation.BusinessObjects/Categories": "گروه ها",
    "Navigation.BusinessObjects/Customers": "مشتریان",
    "Navigation.BusinessObjects/Employees": "پرسنل",
    "Navigation.BusinessObjects/Orders": "سفارشات",
    "Navigation.BusinessObjects/Products": "کالاها",
    "Navigation.BusinessObjects/Regions": "مناطق",
    "Navigation.BusinessObjects/Shippers": "توزیع کننده ها",
    "Navigation.BusinessObjects/Suppliers": "تهیه کننده ها",
    "Navigation.BusinessObjects/Territories": "محدوده ها",
    "Permission.BusinessObjects:Customer": "مشتریان",
    "Permission.BusinessObjects:Customer:Delete": "حذف",
    "Permission.BusinessObjects:Customer:Modify": "اصلاح",
    "Permission.BusinessObjects:Customer:View": "نمایش",
    "Permission.BusinessObjects:General": "عمومی"
}