{
    "Db.BusinessObjects.Category.CategoryID": "Id da categoria",
    "Db.BusinessObjects.Category.CategoryName": "Nome da categoria",
    "Db.BusinessObjects.Category.Description": "Descrição",
    "Db.BusinessObjects.Category.EntityPlural": "Categorias",
    "Db.BusinessObjects.Category.EntitySingular": "categoria",
    "Db.BusinessObjects.Category.Picture": "Imagem",
    "Db.BusinessObjects.CategoryLang.CategoryId": "Id da categoria",
    "Db.BusinessObjects.CategoryLang.CategoryName": "Nome da categoria",
    "Db.BusinessObjects.CategoryLang.Description": "Descrição",
    "Db.BusinessObjects.CategoryLang.EntityPlural": "Idioma da categorias",
    "Db.BusinessObjects.CategoryLang.EntitySingular": "Idioma da categoria",
    "Db.BusinessObjects.CategoryLang.Id": "Id",
    "Db.BusinessObjects.CategoryLang.LanguageId": "Id do Idioma",
    "Db.BusinessObjects.Customer.Address": "Endereço",
    "Db.BusinessObjects.Customer.City": "Cidade",
    "Db.BusinessObjects.Customer.CompanyName": "Nome da empresa",
    "Db.BusinessObjects.Customer.ContactName": "Nome de contacto",
    "Db.BusinessObjects.Customer.ContactTitle": "Titulo do contacto",
    "Db.BusinessObjects.Customer.Country": "País",
    "Db.BusinessObjects.Customer.CustomerID": "Id do cliente",
    "Db.BusinessObjects.Customer.EntityPlural": "Clientes",
    "Db.BusinessObjects.Customer.EntitySingular": "cliente",
    "Db.BusinessObjects.Customer.Fax": "Fax",
    "Db.BusinessObjects.Customer.ID": "ID",
    "Db.BusinessObjects.Customer.Phone": "Tlf",
    "Db.BusinessObjects.Customer.PostalCode": "Código postal",
    "Db.BusinessObjects.Customer.Region": "Região",
    "Db.BusinessObjects.CustomerCustomerDemo.CustomerAddress": "Endereço do cliente",
    "Db.BusinessObjects.CustomerCustomerDemo.CustomerCity": "Cidade do cliente",
    "Db.BusinessObjects.CustomerCustomerDemo.CustomerCompanyName": "Empresa do cliente",
    "Db.BusinessObjects.CustomerCustomerDemo.CustomerContactName": "Nome do contacto do cliente",
    "Db.BusinessObjects.CustomerCustomerDemo.CustomerContactTitle": "Titulo do contacto do cliente",
    "Db.BusinessObjects.CustomerCustomerDemo.CustomerCountry": "País do cliente",
    "Db.BusinessObjects.CustomerCustomerDemo.CustomerFax": "Fax do cliente",
    "Db.BusinessObjects.CustomerCustomerDemo.CustomerID": "Id do cliente",
    "Db.BusinessObjects.CustomerCustomerDemo.CustomerPhone": "Tlf do cliente",
    "Db.BusinessObjects.CustomerCustomerDemo.CustomerPostalCode": "Código postal do cliente",
    "Db.BusinessObjects.CustomerCustomerDemo.CustomerRegion": "Região do cliente",
    "Db.BusinessObjects.CustomerCustomerDemo.CustomerTypeCustomerDesc": "Descrição do tipo de cliente",
    "Db.BusinessObjects.CustomerCustomerDemo.CustomerTypeID": "Id do tipo de cliente",
    "Db.BusinessObjects.CustomerCustomerDemo.ID": "Id",
    "Db.BusinessObjects.CustomerDemographic.CustomerDesc": "Cliente desc",
    "Db.BusinessObjects.CustomerDemographic.CustomerTypeID": "Id do tipo de cliente",
    "Db.BusinessObjects.CustomerDemographic.ID": "Id",
    "Db.BusinessObjects.Employee.Address": "Endereço",
    "Db.BusinessObjects.Employee.BirthDate": "Data de nascimento",
    "Db.BusinessObjects.Employee.City": "Cidade",
    "Db.BusinessObjects.Employee.Country": "País",
    "Db.BusinessObjects.Employee.EmployeeID": "Id do empregado",
    "Db.BusinessObjects.Employee.EntityPlural": "Empregados",
    "Db.BusinessObjects.Employee.EntitySingular": "empregado",
    "Db.BusinessObjects.Employee.Extension": "Extensão",
    "Db.BusinessObjects.Employee.FirstName": "Primeiro nome",
    "Db.BusinessObjects.Employee.FullName": "Nome completo",
    "Db.BusinessObjects.Employee.Gender": "Género",
    "Db.BusinessObjects.Employee.HireDate": "Data de contrato",
    "Db.BusinessObjects.Employee.HomePhone": "Tlf de casa",
    "Db.BusinessObjects.Employee.LastName": "Apelido",
    "Db.BusinessObjects.Employee.Notes": "Notas",
    "Db.BusinessObjects.Employee.Photo": "Foto",
    "Db.BusinessObjects.Employee.PhotoPath": "Caminho da foto",
    "Db.BusinessObjects.Employee.PostalCode": "Código postal",
    "Db.BusinessObjects.Employee.Region": "Região",
    "Db.BusinessObjects.Employee.ReportsTo": "Relativo a",
    "Db.BusinessObjects.Employee.ReportsToAddress": "Relativo ao endereço",
    "Db.BusinessObjects.Employee.ReportsToBirthDate": "Relativo à data de nascimento",
    "Db.BusinessObjects.Employee.ReportsToCity": "Relativo à cidade",
    "Db.BusinessObjects.Employee.ReportsToCountry": "Relativo ao país",
    "Db.BusinessObjects.Employee.ReportsToExtension": "Relativo à extensão",
    "Db.BusinessObjects.Employee.ReportsToFirstName": "Relativo ao primeiro nome",
    "Db.BusinessObjects.Employee.ReportsToFullName": "Relativo a",
    "Db.BusinessObjects.Employee.ReportsToHireDate": "Relativo à data do contracto",
    "Db.BusinessObjects.Employee.ReportsToHomePhone": "Relativo ao Tlf de casa",
    "Db.BusinessObjects.Employee.ReportsToLastName": "Relativo ao apelido",
    "Db.BusinessObjects.Employee.ReportsToNotes": "Relativo às notas",
    "Db.BusinessObjects.Employee.ReportsToPhoto": "Relativo à foto",
    "Db.BusinessObjects.Employee.ReportsToPhotoPath": "Relativo ao caminho da foto",
    "Db.BusinessObjects.Employee.ReportsToPostalCode": "Relativo ao código postal",
    "Db.BusinessObjects.Employee.ReportsToRegion": "Relativo à região",
    "Db.BusinessObjects.Employee.ReportsToReportsTo": "Relativo a",
    "Db.BusinessObjects.Employee.ReportsToTitle": "Relativo ao Título",
    "Db.BusinessObjects.Employee.ReportsToTitleOfCourtesy": "Relativo ao Título de cortesia",
    "Db.BusinessObjects.Employee.Title": "Título",
    "Db.BusinessObjects.Employee.TitleOfCourtesy": "Título de cortesia",
    "Db.BusinessObjects.EmployeeTerritory.EmployeeAddress": "Endereço do empregado",
    "Db.BusinessObjects.EmployeeTerritory.EmployeeBirthDate": "Data de nascimento do empregado",
    "Db.BusinessObjects.EmployeeTerritory.EmployeeCity": "Cidade do empregado",
    "Db.BusinessObjects.EmployeeTerritory.EmployeeCountry": "País do empregado",
    "Db.BusinessObjects.EmployeeTerritory.EmployeeExtension": "Extensão do empregado",
    "Db.BusinessObjects.EmployeeTerritory.EmployeeFirstName": "Primeiro nome do empregado",
    "Db.BusinessObjects.EmployeeTerritory.EmployeeHireDate": "Data de contracto do do empregado",
    "Db.BusinessObjects.EmployeeTerritory.EmployeeHomePhone": "Tlf de casa do empregado",
    "Db.BusinessObjects.EmployeeTerritory.EmployeeID": "Id do empregado",
    "Db.BusinessObjects.EmployeeTerritory.EmployeeLastName": "Apelido do empregado",
    "Db.BusinessObjects.EmployeeTerritory.EmployeeNotes": "Notas do empregado",
    "Db.BusinessObjects.EmployeeTerritory.EmployeePhoto": "Foto do empregado",
    "Db.BusinessObjects.EmployeeTerritory.EmployeePhotoPath": "Caminho da foto do empregado",
    "Db.BusinessObjects.EmployeeTerritory.EmployeePostalCode": "Código postal do empregado",
    "Db.BusinessObjects.EmployeeTerritory.EmployeeRegion": "Região do empregado",
    "Db.BusinessObjects.EmployeeTerritory.EmployeeReportsTo": "Empregado relativo a",
    "Db.BusinessObjects.EmployeeTerritory.EmployeeTitle": "Título do empregado",
    "Db.BusinessObjects.EmployeeTerritory.EmployeeTitleOfCourtesy": "Título de cortesia do empregado",
    "Db.BusinessObjects.EmployeeTerritory.TerritoryID": "Id da área",
    "Db.BusinessObjects.EmployeeTerritory.TerritoryRegionID": "Id da região da área",
    "Db.BusinessObjects.EmployeeTerritory.TerritoryTerritoryDescription": "Descrição da área",
    "Db.BusinessObjects.Note.EntityId": "Id da entidade",
    "Db.BusinessObjects.Note.EntityPlural": "Notas",
    "Db.BusinessObjects.Note.EntitySingular": "nota",
    "Db.BusinessObjects.Note.EntityType": "Tipo da entidade",
    "Db.BusinessObjects.Note.InsertDate": "Data de registo",
    "Db.BusinessObjects.Note.InsertUserDisplayName": "Utilizador do registo",
    "Db.BusinessObjects.Note.InsertUserId": "Id do utilizador do registo",
    "Db.BusinessObjects.Note.NoteId": "Id da Nota",
    "Db.BusinessObjects.Note.Text": "Texto",
    "Db.BusinessObjects.Order.CustomerCity": "Cidade do cliente",
    "Db.BusinessObjects.Order.CustomerCompanyName": "Cliente",
    "Db.BusinessObjects.Order.CustomerContactName": "Nome de contacto do cliente",
    "Db.BusinessObjects.Order.CustomerContactTitle": "Título do cliente",
    "Db.BusinessObjects.Order.CustomerCountry": "País do cliente",
    "Db.BusinessObjects.Order.CustomerFax": "Fax do cliente",
    "Db.BusinessObjects.Order.CustomerID": "Cliente",
    "Db.BusinessObjects.Order.CustomerPhone": "Tlf do cliente",
    "Db.BusinessObjects.Order.CustomerRegion": "Região do cliente",
    "Db.BusinessObjects.Order.DetailList": "Detalhes",
    "Db.BusinessObjects.Order.EmployeeFullName": "Empregado",
    "Db.BusinessObjects.Order.EmployeeGender": "Género do empregado",
    "Db.BusinessObjects.Order.EmployeeID": "Empregado",
    "Db.BusinessObjects.Order.EmployeeName": "Nome do empregado",
    "Db.BusinessObjects.Order.EntityPlural": "Encomendas",
    "Db.BusinessObjects.Order.EntitySingular": "encomenda",
    "Db.BusinessObjects.Order.Freight": "Transporte",
    "Db.BusinessObjects.Order.OrderDate": "Data da encomenda",
    "Db.BusinessObjects.Order.OrderID": "Id da encomenda",
    "Db.BusinessObjects.Order.RequiredDate": "Data obrigatória",
    "Db.BusinessObjects.Order.ShipAddress": "Endereço do envio",
    "Db.BusinessObjects.Order.ShipCity": "Cidade de envio",
    "Db.BusinessObjects.Order.ShipCountry": "País de envio",
    "Db.BusinessObjects.Order.ShipName": "Nome do envio",
    "Db.BusinessObjects.Order.ShippedDate": "Data do envio",
    "Db.BusinessObjects.Order.ShippingState": "Estado do envio",
    "Db.BusinessObjects.Order.ShipPostalCode": "Código postal do envio",
    "Db.BusinessObjects.Order.ShipRegion": "Região do envio",
    "Db.BusinessObjects.Order.ShipVia": "Envio através de",
    "Db.BusinessObjects.Order.ShipViaCompanyName": "Envio através da transportadora",
    "Db.BusinessObjects.Order.ShipViaPhone": "Envio através do tlf",
    "Db.BusinessObjects.OrderDetail.DetailID": "ID",
    "Db.BusinessObjects.OrderDetail.Discount": "Desconto",
    "Db.BusinessObjects.OrderDetail.EntityPlural": "Detalhes da encomenda",
    "Db.BusinessObjects.OrderDetail.EntitySingular": "Detalhe da encomenda",
    "Db.BusinessObjects.OrderDetail.LineTotal": "Total",
    "Db.BusinessObjects.OrderDetail.OrderCustomerID": "Id da encomenda do cliente",
    "Db.BusinessObjects.OrderDetail.OrderDate": "Data da encomenda",
    "Db.BusinessObjects.OrderDetail.OrderEmployeeID": "Id do empregado da encomenda",
    "Db.BusinessObjects.OrderDetail.OrderID": "Id da encomenda",
    "Db.BusinessObjects.OrderDetail.OrderShipCity": "Cidade do envio da encomenda",
    "Db.BusinessObjects.OrderDetail.OrderShipCountry": "País do envio da encomenda",
    "Db.BusinessObjects.OrderDetail.OrderShippedDate": "Data do envio da encomenda",
    "Db.BusinessObjects.OrderDetail.OrderShipVia": "Envio da encomenda através de",
    "Db.BusinessObjects.OrderDetail.ProductDiscontinued": "Produto descontinuado",
    "Db.BusinessObjects.OrderDetail.ProductID": "Produto",
    "Db.BusinessObjects.OrderDetail.ProductName": "Nome do produto",
    "Db.BusinessObjects.OrderDetail.ProductQuantityPerUnit": "Quantidade do produto por unidade",
    "Db.BusinessObjects.OrderDetail.ProductSupplierID": "Id do fornecedor",
    "Db.BusinessObjects.OrderDetail.ProductUnitPrice": "Preço unitário do produto",
    "Db.BusinessObjects.OrderDetail.Quantity": "Quantidade",
    "Db.BusinessObjects.OrderDetail.UnitPrice": "Preço da unidade",
    "Db.BusinessObjects.Product.CategoryDescription": "Descrição da categoria",
    "Db.BusinessObjects.Product.CategoryID": "Categoria",
    "Db.BusinessObjects.Product.CategoryName": "Categoria",
    "Db.BusinessObjects.Product.CategoryPicture": "Imagem da categoria",
    "Db.BusinessObjects.Product.Discontinued": "Descontinuado",
    "Db.BusinessObjects.Product.EntityPlural": "Produtos",
    "Db.BusinessObjects.Product.EntitySingular": "produto",
    "Db.BusinessObjects.Product.ProductID": "Id do produto",
    "Db.BusinessObjects.Product.ProductImage": "Imagem do produto",
    "Db.BusinessObjects.Product.ProductName": "Nome do produto",
    "Db.BusinessObjects.Product.QuantityPerUnit": "Quantidade por unidade",
    "Db.BusinessObjects.Product.ReorderLevel": "Nível de re-encomenda",
    "Db.BusinessObjects.Product.SupplierAddress": "Endereço do fornecedor",
    "Db.BusinessObjects.Product.SupplierCity": "Cidade do fornecedor",
    "Db.BusinessObjects.Product.SupplierCompanyName": "Fornecedor",
    "Db.BusinessObjects.Product.SupplierContactName": "Nome de contacto do fornecedor",
    "Db.BusinessObjects.Product.SupplierContactTitle": "Título do contacto do fornecedor",
    "Db.BusinessObjects.Product.SupplierCountry": "País do fornecedor",
    "Db.BusinessObjects.Product.SupplierFax": "Fax do fornecedor",
    "Db.BusinessObjects.Product.SupplierHomePage": "Site do fornecedor",
    "Db.BusinessObjects.Product.SupplierID": "Id do Fornecedor",
    "Db.BusinessObjects.Product.SupplierPhone": "Tlf do fornecedor",
    "Db.BusinessObjects.Product.SupplierPostalCode": "Código postal do fornecedor",
    "Db.BusinessObjects.Product.SupplierRegion": "Região do fornecedor",
    "Db.BusinessObjects.Product.UnitPrice": "Preço da unidade",
    "Db.BusinessObjects.Product.UnitsInStock": "Unidades em stock",
    "Db.BusinessObjects.Product.UnitsOnOrder": "Unidades encomendadas",
    "Db.BusinessObjects.ProductLang.Id": "Id",
    "Db.BusinessObjects.ProductLang.LanguageId": "Id do idioma",
    "Db.BusinessObjects.ProductLang.ProductId": "Id do produto",
    "Db.BusinessObjects.ProductLang.ProductName": "Nome do produto",
    "Db.BusinessObjects.Region.EntityPlural": "Regiões",
    "Db.BusinessObjects.Region.EntitySingular": "região",
    "Db.BusinessObjects.Region.RegionDescription": "Descrição da região",
    "Db.BusinessObjects.Region.RegionID": "Id da região",
    "Db.BusinessObjects.SalesByCategory.CategoryId": "Id da categoria",
    "Db.BusinessObjects.SalesByCategory.CategoryName": "Nome da categoria",
    "Db.BusinessObjects.SalesByCategory.EntityPlural": "Vendas por categorias",
    "Db.BusinessObjects.SalesByCategory.EntitySingular": "Vendas por categoria",
    "Db.BusinessObjects.SalesByCategory.ProductName": "Nome do produto",
    "Db.BusinessObjects.SalesByCategory.ProductSales": "Vendas do produto",
    "Db.BusinessObjects.Shipper.CompanyName": "Nome da empresa",
    "Db.BusinessObjects.Shipper.EntityPlural": "Transportadoras",
    "Db.BusinessObjects.Shipper.EntitySingular": "transportadora",
    "Db.BusinessObjects.Shipper.Phone": "Tlf",
    "Db.BusinessObjects.Shipper.ShipperID": "Id da Transportadora",
    "Db.BusinessObjects.Supplier.Address": "Endereço",
    "Db.BusinessObjects.Supplier.City": "Cidade",
    "Db.BusinessObjects.Supplier.CompanyName": "Nome da empresa",
    "Db.BusinessObjects.Supplier.ContactName": "Nome do contacto",
    "Db.BusinessObjects.Supplier.ContactTitle": "Título do contacto",
    "Db.BusinessObjects.Supplier.Country": "País",
    "Db.BusinessObjects.Supplier.EntityPlural": "Fornecedores",
    "Db.BusinessObjects.Supplier.EntitySingular": "fornecedor",
    "Db.BusinessObjects.Supplier.Fax": "Fax",
    "Db.BusinessObjects.Supplier.HomePage": "Site",
    "Db.BusinessObjects.Supplier.Phone": "Tlf",
    "Db.BusinessObjects.Supplier.PostalCode": "Código postal",
    "Db.BusinessObjects.Supplier.Region": "Região",
    "Db.BusinessObjects.Supplier.SupplierID": "Id do fornecedor",
    "Db.BusinessObjects.Territory.EntityPlural": "Áreas",
    "Db.BusinessObjects.Territory.EntitySingular": "área",
    "Db.BusinessObjects.Territory.ID": "ID",
    "Db.BusinessObjects.Territory.RegionDescription": "Descrição da região",
    "Db.BusinessObjects.Territory.RegionID": "Id da região",
    "Db.BusinessObjects.Territory.TerritoryDescription": "Descrição da área",
    "Db.BusinessObjects.Territory.TerritoryID": "Id da área",
    "Enums.BusinessObjects.OrderShippingState.NotShipped": "Não enviado",
    "Enums.BusinessObjects.OrderShippingState.Shipped": "Enviado",
    "Forms.BusinessObjects.Customer.Categories.Address": "Endereço",
    "Forms.BusinessObjects.Customer.Categories.Contact": "Contacto",
    "Forms.BusinessObjects.Customer.Categories.General": "Geral",
    "Forms.BusinessObjects.Order.Categories.Order": "Encomenda",
    "Forms.BusinessObjects.Order.Categories.Order Details": "Detalhes da encomenda",
    "Forms.BusinessObjects.Order.Categories.Ship To": "Enviar para",
    "Forms.BusinessObjects.Order.Categories.Shipping": "Enviar",
    "Forms.BusinessObjects.Product.Categories.General": "Geral",
    "Forms.BusinessObjects.Product.Categories.Pricing": "Preços",
    "Forms.BusinessObjects.Product.Categories.Status": "Status",
    "Navigation.BusinessObjects": "BusinessObjects",
    "Navigation.BusinessObjects/Categories": "Categorias",
    "Navigation.BusinessObjects/Customers": "Clientes",
    "Navigation.BusinessObjects/Employees": "Empregados",
    "Navigation.BusinessObjects/Orders": "Encomendas",
    "Navigation.BusinessObjects/Products": "Produtos",
    "Navigation.BusinessObjects/Regions": "Regiões",
    "Navigation.BusinessObjects/Shippers": "Transportadoras",
    "Navigation.BusinessObjects/Suppliers": "Fornecedores",
    "Navigation.BusinessObjects/Territories": "Áreas",
    "Permission.BusinessObjects:": "Permission.BusinessObjects:",
    "Permission.BusinessObjects:Customer": "Clientes",
    "Permission.BusinessObjects:Customer:": "Permission.BusinessObjects:Customer:",
    "Permission.BusinessObjects:Customer:Delete": "Eliminar",
    "Permission.BusinessObjects:Customer:Modify": "Criar/Atualizar",
    "Permission.BusinessObjects:Customer:View": "Ver",
    "Permission.BusinessObjects:General": "[Geral]",
    "Validation.BusinessObjectsPhone": "Phone numbers should be entered in format '(503) 555-9831'.",
    "Validation.BusinessObjectsPhoneMultiple": "Os números de telefone devem ser inseridos na forma '(503) 555-9831."
}