{
    "Forms.BusinessObjects.Order.Categories.Order": "Orden",
    "Forms.BusinessObjects.Order.Categories.Order Details": "Detalles de la orden",
    "Forms.BusinessObjects.Order.Categories.Ship To": "Envie a",
    "Forms.BusinessObjects.Order.Categories.Shipping": "Envío.",
    "Permission.BusinessObjects:Customer": "Clientes",
    "Permission.BusinessObjects:Customer:Delete": "Eliminar",
    "Permission.BusinessObjects:Customer:Modify": "Crear/Actualizar",
    "Permission.BusinessObjects:Customer:View": "Vista"
}