﻿{
  "Db.CustomerRepresentatives.CustomerId": "Khách hàng",
  "Db.CustomerRepresentatives.EmployeeId": "Nhân viên",
  "Db.CustomerRepresentatives.EntityPlural": "Đại diện khách hàng",
  "Db.CustomerRepresentatives.EntitySingular": "Đại diện khách hàng",
  "Db.BusinessObjects.Category.CategoryID": "Nhóm hàng",
  "Db.BusinessObjects.Category.CategoryName": "Tên nhóm hàng",
  "Db.BusinessObjects.Category.Description": "Mô tả",
  "Db.BusinessObjects.Category.EntityPlural": "Nhóm hàng",
  "Db.BusinessObjects.Category.EntitySingular": "Nhóm hàng",
  "Db.BusinessObjects.Category.Picture": "Hình ảnh",
  "Db.BusinessObjects.CategoryLang.CategoryId": "Mã nhóm hàng",
  "Db.BusinessObjects.CategoryLang.CategoryName": "Tên nhóm hàng",
  "Db.BusinessObjects.CategoryLang.Description": "Mô tả",
  "Db.BusinessObjects.CategoryLang.EntityPlural": "Nhóm hàng theo ngôn ngữ",
  "Db.BusinessObjects.CategoryLang.EntitySingular": "Nhóm hàng theo ngôn ngữ",
  "Db.BusinessObjects.CategoryLang.LanguageId": "Mã ngôn ngữ",
  "Db.BusinessObjects.Customer.Address": "Địa chỉ",
  "Db.BusinessObjects.Customer.City": "Thành phố",
  "Db.BusinessObjects.Customer.CompanyName": "Tên công ty",
  "Db.BusinessObjects.Customer.ContactName": "Tên liên hệ",
  "Db.BusinessObjects.Customer.ContactTitle": "Danh xưng",
  "Db.BusinessObjects.Customer.Country": "Quốc gia",
  "Db.BusinessObjects.Customer.CustomerID": "Mã khách hàng",
  "Db.BusinessObjects.Customer.EntityPlural": "Khách hàng",
  "Db.BusinessObjects.Customer.EntitySingular": "Khách hàng",
  "Db.BusinessObjects.Customer.Fax": "Fax",
  "Db.BusinessObjects.Customer.Phone": "Điện thoại",
  "Db.BusinessObjects.Customer.PostalCode": "Mã bưu chính",
  "Db.BusinessObjects.Customer.Region": "Khu vực",
  "Db.BusinessObjects.Customer.Representatives.CustomerId": "Khách hàng",
  "Db.BusinessObjects.Customer.Representatives.EmployeeId": "Nhân viên",
  "Db.BusinessObjects.Customer.Representatives.EntityPlural": "Người đại diện",
  "Db.BusinessObjects.Customer.Representatives.EntitySingular": "Người đại diện",
  "Db.BusinessObjects.Customer.Representatives.RepresentativeId": "Đại diện",
  "Db.BusinessObjects.CustomerCustomerDemo.CustomerAddress": "Địa chỉ khách hàng",
  "Db.BusinessObjects.CustomerCustomerDemo.CustomerCity": "Thành phố",
  "Db.BusinessObjects.CustomerCustomerDemo.CustomerCompanyName": "Tên công ty",
  "Db.BusinessObjects.CustomerCustomerDemo.CustomerContactName": "Tên người liên hệ",
  "Db.BusinessObjects.CustomerCustomerDemo.CustomerContactTitle": "Danh xưng",
  "Db.BusinessObjects.CustomerCustomerDemo.CustomerCountry": "Quốc gia",
  "Db.BusinessObjects.CustomerCustomerDemo.CustomerFax": "Fax",
  "Db.BusinessObjects.CustomerCustomerDemo.CustomerID": "Khách hàng",
  "Db.BusinessObjects.CustomerCustomerDemo.CustomerPhone": "Điện thoại",
  "Db.BusinessObjects.CustomerCustomerDemo.CustomerPostalCode": "Mã bưu chính",
  "Db.BusinessObjects.CustomerCustomerDemo.CustomerRegion": "Khu vực",
  "Db.BusinessObjects.CustomerCustomerDemo.CustomerTypeCustomerDesc": "Mô tả khách hàng",
  "Db.BusinessObjects.CustomerCustomerDemo.CustomerTypeID": "Loại khách hàng",
  "Db.BusinessObjects.CustomerCustomerDemo.EntityPlural": "Demo khách hàng",
  "Db.BusinessObjects.CustomerCustomerDemo.EntitySingular": "Demo khách hàng",
  "Db.BusinessObjects.CustomerDemographic.CustomerDesc": "Mô tả khách hàng",
  "Db.BusinessObjects.CustomerDemographic.CustomerTypeID": "Loại khách hàng",
  "Db.BusinessObjects.CustomerDemographic.EntityPlural": "Nhân khẩu học",
  "Db.BusinessObjects.CustomerDemographic.EntitySingular": "Nhân khẩu học",
  "Db.BusinessObjects.Employee.Address": "Địa chỉ",
  "Db.BusinessObjects.Employee.BirthDate": "Ngày sinh",
  "Db.BusinessObjects.Employee.City": "Thành phố",
  "Db.BusinessObjects.Employee.Country": "Quốc gia",
  "Db.BusinessObjects.Employee.EmployeeID": "Nhân viên",
  "Db.BusinessObjects.Employee.EntityPlural": "Nhân viên",
  "Db.BusinessObjects.Employee.EntitySingular": "Nhân viên",
  "Db.BusinessObjects.Employee.Extension": "Mở rộng",
  "Db.BusinessObjects.Employee.FirstName": "Tên",
  "Db.BusinessObjects.Employee.FullName": "Họ và tên",
  "Db.BusinessObjects.Employee.Gender": "Giới tính",
  "Db.BusinessObjects.Employee.HireDate": "Ngày bắt đầu làm việc",
  "Db.BusinessObjects.Employee.HomePhone": "Điện thoại nhà",
  "Db.BusinessObjects.Employee.LastName": "Họ",
  "Db.BusinessObjects.Employee.Notes": "Ghi chú",
  "Db.BusinessObjects.Employee.Photo": "Ảnh",
  "Db.BusinessObjects.Employee.PhotoPath": "Đường dẫn ảnh",
  "Db.BusinessObjects.Employee.PostalCode": "Mã bưu chính",
  "Db.BusinessObjects.Employee.Region": "Khu vực",
  "Db.BusinessObjects.Employee.ReportsTo": "Khi cần báo tin cho",
  "Db.BusinessObjects.Employee.ReportsToAddress": "Địa chỉ",
  "Db.BusinessObjects.Employee.ReportsToBirthDate": "Ngày sinh",
  "Db.BusinessObjects.Employee.ReportsToCity": "Thành phố",
  "Db.BusinessObjects.Employee.ReportsToCountry": "Quốc gia",
  "Db.BusinessObjects.Employee.ReportsToExtension": "Mở rộng",
  "Db.BusinessObjects.Employee.ReportsToFirstName": "Tên",
  "Db.BusinessObjects.Employee.ReportsToFullName": "Khi cần báo tin cho",
  "Db.BusinessObjects.Employee.ReportsToHireDate": "Ngày bắt đầu làm việc",
  "Db.BusinessObjects.Employee.ReportsToHomePhone": "Điện thoại nhà",
  "Db.BusinessObjects.Employee.ReportsToLastName": "Họ",
  "Db.BusinessObjects.Employee.ReportsToNotes": "Ghi chú",
  "Db.BusinessObjects.Employee.ReportsToPhoto": "Ảnh",
  "Db.BusinessObjects.Employee.ReportsToPhotoPath": "Đường dẫn ảnh",
  "Db.BusinessObjects.Employee.ReportsToPostalCode": "Mã bưu chính",
  "Db.BusinessObjects.Employee.ReportsToRegion": "Khu vực",
  "Db.BusinessObjects.Employee.ReportsToReportsTo": "Báo tin cho",
  "Db.BusinessObjects.Employee.ReportsToTitle": "Danh xưng",
  "Db.BusinessObjects.Employee.ReportsToTitleOfCourtesy": "Danh xưng trang trọng",
  "Db.BusinessObjects.Employee.Title": "Danh xưng",
  "Db.BusinessObjects.Employee.TitleOfCourtesy": "Danh xưng trang trọng",
  "Db.BusinessObjects.EmployeeTerritory.EmployeeAddress": "Địa chỉ",
  "Db.BusinessObjects.EmployeeTerritory.EmployeeBirthDate": "Ngày sinh",
  "Db.BusinessObjects.EmployeeTerritory.EmployeeCity": "Thành phố",
  "Db.BusinessObjects.EmployeeTerritory.EmployeeCountry": "Quốc gia",
  "Db.BusinessObjects.EmployeeTerritory.EmployeeExtension": "Mở rộng",
  "Db.BusinessObjects.EmployeeTerritory.EmployeeFirstName": "Tên",
  "Db.BusinessObjects.EmployeeTerritory.EmployeeHireDate": "Ngày bắt đầu làm việc",
  "Db.BusinessObjects.EmployeeTerritory.EmployeeHomePhone": "Điện thoại nhà",
  "Db.BusinessObjects.EmployeeTerritory.EmployeeID": "Mã nhân viên",
  "Db.BusinessObjects.EmployeeTerritory.EmployeeLastName": "Họ",
  "Db.BusinessObjects.EmployeeTerritory.EmployeeNotes": "Ghi chú",
  "Db.BusinessObjects.EmployeeTerritory.EmployeePhoto": "Ảnh",
  "Db.BusinessObjects.EmployeeTerritory.EmployeePhotoPath": "Đường dẫn ảnh",
  "Db.BusinessObjects.EmployeeTerritory.EmployeePostalCode": "Mã bưu chính",
  "Db.BusinessObjects.EmployeeTerritory.EmployeeRegion": "Khu vực",
  "Db.BusinessObjects.EmployeeTerritory.EmployeeReportsTo": "Khi cần báo tin cho",
  "Db.BusinessObjects.EmployeeTerritory.EmployeeTitle": "Danh xưng",
  "Db.BusinessObjects.EmployeeTerritory.EmployeeTitleOfCourtesy": "Danh xưng trang trọng",
  "Db.BusinessObjects.EmployeeTerritory.EntityPlural": "Nhân viên thuộc Vùng",
  "Db.BusinessObjects.EmployeeTerritory.EntitySingular": "Nhân viên thuộc Vùng",
  "Db.BusinessObjects.EmployeeTerritory.TerritoryID": "Mã vùng",
  "Db.BusinessObjects.EmployeeTerritory.TerritoryRegionID": "Mã khu vực",
  "Db.BusinessObjects.EmployeeTerritory.TerritoryTerritoryDescription": "Mô tả vùng",
  "Db.BusinessObjects.Note.EntityId": "Id thực thể",
  "Db.BusinessObjects.Note.EntityPlural": "Ghi chú",
  "Db.BusinessObjects.Note.EntitySingular": "Ghi chú",
  "Db.BusinessObjects.Note.EntityType": "Loại thực thể",
  "Db.BusinessObjects.Note.InsertDate": "Ngày thêm",
  "Db.BusinessObjects.Note.InsertUserDisplayName": "Tên người thêm",
  "Db.BusinessObjects.Note.InsertUserId": "Người thêm",
  "Db.BusinessObjects.Note.NoteId": "Mã ghi chú",
  "Db.BusinessObjects.Note.Text": "Nội dung",
  "Db.BusinessObjects.Order.CustomerCity": "Thành phố",
  "Db.BusinessObjects.Order.CustomerCompanyName": "Tên công ty",
  "Db.BusinessObjects.Order.CustomerContactName": "Tên người liên hệ",
  "Db.BusinessObjects.Order.CustomerContactTitle": "Danh xưng",
  "Db.BusinessObjects.Order.CustomerCountry": "Quốc gia",
  "Db.BusinessObjects.Order.CustomerFax": "Fax",
  "Db.BusinessObjects.Order.CustomerID": "Khách hàng",
  "Db.BusinessObjects.Order.CustomerPhone": "Điện thoại",
  "Db.BusinessObjects.Order.CustomerRegion": "Khu vực",
  "Db.BusinessObjects.Order.DetailList": "Chi tiết",
  "Db.BusinessObjects.Order.EmployeeFullName": "Nhân viên",
  "Db.BusinessObjects.Order.EmployeeGender": "Giới tính",
  "Db.BusinessObjects.Order.EmployeeID": "Nhân viên",
  "Db.BusinessObjects.Order.EmployeeName": "Tên nhân viên",
  "Db.BusinessObjects.Order.EntityPlural": "Đơn hàng",
  "Db.BusinessObjects.Order.EntitySingular": "Đơn hàng",
  "Db.BusinessObjects.Order.Freight": "Vận chuyển",
  "Db.BusinessObjects.Order.OrderDate": "Ngày đặt hàng",
  "Db.BusinessObjects.Order.OrderID": "Mã đơn hàng",
  "Db.BusinessObjects.Order.RequiredDate": "Ngày bắt buộc",
  "Db.BusinessObjects.Order.ShipAddress": "Địa chỉ giao hàng",
  "Db.BusinessObjects.Order.ShipCity": "Thành phố",
  "Db.BusinessObjects.Order.ShipCountry": "Quốc gia",
  "Db.BusinessObjects.Order.ShipName": "Tên người nhận",
  "Db.BusinessObjects.Order.ShippedDate": "Ngày giao",
  "Db.BusinessObjects.Order.ShippingState": "Tình trạng vận chuyển",
  "Db.BusinessObjects.Order.ShipPostalCode": "Mã bưu chính",
  "Db.BusinessObjects.Order.ShipRegion": "Khu vực",
  "Db.BusinessObjects.Order.ShipVia": "Đơn vị vận chuyển",
  "Db.BusinessObjects.Order.ShipViaCompanyName": "Đơn vị vận chuyển",
  "Db.BusinessObjects.Order.ShipViaPhone": "Điện thoại",
  "Db.BusinessObjects.OrderDetail.DetailID": "Id",
  "Db.BusinessObjects.OrderDetail.Discount": "Giảm giá",
  "Db.BusinessObjects.OrderDetail.EntityPlural": "Chi tiết đơn hàng",
  "Db.BusinessObjects.OrderDetail.EntitySingular": "Chi tiết đơn hàng",
  "Db.BusinessObjects.OrderDetail.LineTotal": "Tổng tiền",
  "Db.BusinessObjects.OrderDetail.OrderCustomerID": "Khách hàng",
  "Db.BusinessObjects.OrderDetail.OrderDate": "Ngày đặt hàng",
  "Db.BusinessObjects.OrderDetail.OrderEmployeeID": "Nhân viên",
  "Db.BusinessObjects.OrderDetail.OrderID": "Mã đơn hàng",
  "Db.BusinessObjects.OrderDetail.OrderShipCity": "Thành phố",
  "Db.BusinessObjects.OrderDetail.OrderShipCountry": "Quốc gia",
  "Db.BusinessObjects.OrderDetail.OrderShippedDate": "Ngày giao",
  "Db.BusinessObjects.OrderDetail.OrderShipVia": "Đơn vị vận chuyển",
  "Db.BusinessObjects.OrderDetail.ProductDiscontinued": "Sản phẩm ngưng bán",
  "Db.BusinessObjects.OrderDetail.ProductID": "Sản phẩm",
  "Db.BusinessObjects.OrderDetail.ProductName": "Tên sản phẩm",
  "Db.BusinessObjects.OrderDetail.ProductQuantityPerUnit": "Số lượng mỗi đơn vị",
  "Db.BusinessObjects.OrderDetail.ProductSupplierID": "Nhà cung cấp",
  "Db.BusinessObjects.OrderDetail.ProductUnitPrice": "Đơn giá",
  "Db.BusinessObjects.OrderDetail.Quantity": "Số lượng",
  "Db.BusinessObjects.OrderDetail.UnitPrice": "Đơn giá",
  "Db.BusinessObjects.Product.CategoryDescription": "Mô tả nhóm hàng",
  "Db.BusinessObjects.Product.CategoryID": "Nhóm hàng",
  "Db.BusinessObjects.Product.CategoryName": "Nhóm hàng",
  "Db.BusinessObjects.Product.CategoryPicture": "Ảnh nhóm hàng",
  "Db.BusinessObjects.Product.Discontinued": "Ngưng bán",
  "Db.BusinessObjects.Product.EntityPlural": "Sản phẩm",
  "Db.BusinessObjects.Product.EntitySingular": "Sản phẩm",
  "Db.BusinessObjects.Product.ProductID": "Mã sản phẩm",
  "Db.BusinessObjects.Product.ProductImage": "Hình ảnh sản phẩm",
  "Db.BusinessObjects.Product.ProductName": "Tên sản phẩm",
  "Db.BusinessObjects.Product.QuantityPerUnit": "Số lượng mỗi đơn vị",
  "Db.BusinessObjects.Product.ReorderLevel": "Cấp đại lý",
  "Db.BusinessObjects.Product.SupplierAddress": "Địa chỉ nhà cung cấp",
  "Db.BusinessObjects.Product.SupplierCity": "Thành phố",
  "Db.BusinessObjects.Product.SupplierCompanyName": "Nhà cung cấp",
  "Db.BusinessObjects.Product.SupplierContactName": "Tên người liên hệ",
  "Db.BusinessObjects.Product.SupplierContactTitle": "Danh xưng",
  "Db.BusinessObjects.Product.SupplierCountry": "Quốc gia",
  "Db.BusinessObjects.Product.SupplierFax": "Fax",
  "Db.BusinessObjects.Product.SupplierHomePage": "Trang chủ",
  "Db.BusinessObjects.Product.SupplierID": "Nhà cung cấp",
  "Db.BusinessObjects.Product.SupplierPhone": "Điện thoại",
  "Db.BusinessObjects.Product.SupplierPostalCode": "Mã bưu chính",
  "Db.BusinessObjects.Product.SupplierRegion": "Khu vực",
  "Db.BusinessObjects.Product.UnitPrice": "Đơn giá",
  "Db.BusinessObjects.Product.UnitsInStock": "Số lượng tồn kho",
  "Db.BusinessObjects.Product.UnitsOnOrder": "Số lượng trong đơn hàng",
  "Db.BusinessObjects.ProductLang.EntityPlural": "Sản phẩm đa ngôn ngữ",
  "Db.BusinessObjects.ProductLang.EntitySingular": "Sản phẩm đa ngôn ngữ",
  "Db.BusinessObjects.ProductLang.Id": "Mã",
  "Db.BusinessObjects.ProductLang.LanguageId": "Mã ngôn ngữ",
  "Db.BusinessObjects.ProductLang.ProductId": "Mã sản phẩm",
  "Db.BusinessObjects.ProductLang.ProductName": "Tên sản phẩm",
  "Db.BusinessObjects.Region.EntityPlural": "Khu vực",
  "Db.BusinessObjects.Region.EntitySingular": "Khu vực",
  "Db.BusinessObjects.Region.RegionDescription": "Mô tả",
  "Db.BusinessObjects.Region.RegionID": "Mã khu vực",
  "Db.BusinessObjects.BusinessObjectsByCategory.CategoryId": "Mã nhóm hàng",
  "Db.BusinessObjects.BusinessObjectsByCategory.CategoryName": "Tên nhóm hàng",
  "Db.BusinessObjects.BusinessObjectsByCategory.EntityPlural": "Doanh thu theo nhóm hàng",
  "Db.BusinessObjects.BusinessObjectsByCategory.EntitySingular": "Doanh thu theo nhóm hàng",
  "Db.BusinessObjects.BusinessObjectsByCategory.ProductName": "Tên sản phẩm",
  "Db.BusinessObjects.BusinessObjectsByCategory.ProductBusinessObjects": "Bán hàng",
  "Db.BusinessObjects.Shipper.CompanyName": "Tên công ty",
  "Db.BusinessObjects.Shipper.EntityPlural": "Đơn vị vận chuyển",
  "Db.BusinessObjects.Shipper.EntitySingular": "Đơn vị vận chuyển",
  "Db.BusinessObjects.Shipper.Phone": "Điện thoại",
  "Db.BusinessObjects.Shipper.ShipperID": "Mã",
  "Db.BusinessObjects.Supplier.Address": "Địa chỉ",
  "Db.BusinessObjects.Supplier.City": "Thành phố",
  "Db.BusinessObjects.Supplier.CompanyName": "Tên công ty",
  "Db.BusinessObjects.Supplier.ContactName": "Tên liên hệ",
  "Db.BusinessObjects.Supplier.ContactTitle": "Danh xưng",
  "Db.BusinessObjects.Supplier.Country": "Quốc gia",
  "Db.BusinessObjects.Supplier.EntityPlural": "Nhà cung cấp",
  "Db.BusinessObjects.Supplier.EntitySingular": "Nhà cung cấp",
  "Db.BusinessObjects.Supplier.HomePage": "Trang chủ",
  "Db.BusinessObjects.Supplier.Phone": "Điện thoại",
  "Db.BusinessObjects.Supplier.PostalCode": "Mã bưu chính",
  "Db.BusinessObjects.Supplier.Region": "Khu vực",
  "Db.BusinessObjects.Supplier.SupplierID": "Nhà cung cấp",
  "Db.BusinessObjects.Territory.EntityPlural": "Vùng",
  "Db.BusinessObjects.Territory.EntitySingular": "Vùng",
  "Db.BusinessObjects.Territory.ID": "Mã",
  "Db.BusinessObjects.Territory.RegionDescription": "Khu vực",
  "Db.BusinessObjects.Territory.RegionID": "Khu vực",
  "Db.BusinessObjects.Territory.TerritoryDescription": "Mô tả vùng",
  "Db.BusinessObjects.Territory.TerritoryID": "Mã vùng",
  "Db.BusinessObjects.Customer.ID": "Id",
  "Db.BusinessObjects.Customer.LastContactDate": "Ngày liên hệ lần cuối",
  "Db.BusinessObjects.Customer.LastContactedBy": "Người liên hệ lần cuối",
  "Db.BusinessObjects.Customer.SendBulletin": "Gửi bản tin",
  "Db.BusinessObjects.CustomerDetails.EntityPlural": "Chi tiết khách hàng",
  "Db.BusinessObjects.CustomerDetails.EntitySingular": "Chi tiết khách hàng",
  "Db.BusinessObjects.CustomerDetails.LastContactDate": "Ngày liên hệ lần cuối",
  "Db.BusinessObjects.CustomerDetails.LastContactedBy": "Người liên hệ lần cuối",
  "Db.BusinessObjects.CustomerDetails.LastContactedByAddress": "Địa chỉ",
  "Db.BusinessObjects.CustomerDetails.LastContactedByBirthDate": "Ngày sinh",
  "Db.BusinessObjects.CustomerDetails.LastContactedByCity": "Thành phố",
  "Db.BusinessObjects.CustomerDetails.LastContactedByCountry": "Quốc gia",
  "Db.BusinessObjects.CustomerDetails.LastContactedByExtension": "Số ĐT nhánh",
  "Db.BusinessObjects.CustomerDetails.LastContactedByFirstName": "Tên",
  "Db.BusinessObjects.CustomerDetails.LastContactedByHireDate": "Ngày bắt đầu làm việc",
  "Db.BusinessObjects.CustomerDetails.LastContactedByHomePhone": "Điện thoại nhà",
  "Db.BusinessObjects.CustomerDetails.LastContactedByLastName": "Họ",
  "Db.BusinessObjects.CustomerDetails.LastContactedByNotes": "Ghi chú",
  "Db.BusinessObjects.CustomerDetails.LastContactedByPhoto": "Ảnh",
  "Db.BusinessObjects.CustomerDetails.LastContactedByPhotoPath": "Đường dẫn ảnh",
  "Db.BusinessObjects.CustomerDetails.LastContactedByPostalCode": "Mã bưu chính",
  "Db.BusinessObjects.CustomerDetails.LastContactedByRegion": "Khu vực",
  "Db.BusinessObjects.CustomerDetails.LastContactedByReportsTo": "Khi cần báo tin cho ai",
  "Db.BusinessObjects.CustomerDetails.LastContactedByTitle": "Danh xưng",
  "Db.BusinessObjects.CustomerDetails.SendBulletin": "Gửi bản tin",
  "Db.BusinessObjects.SalesByCategory.CategoryId": "Nhóm hàng",
  "Db.BusinessObjects.SalesByCategory.CategoryName": "Tên nhóm hàng",
  "Db.BusinessObjects.SalesByCategory.EntityPlural": "Doanh thu theo nhóm hàng",
  "Db.BusinessObjects.SalesByCategory.EntitySingular": "Doanh thu theo nhóm hàng",
  "Db.BusinessObjects.SalesByCategory.ProductName": "Tên sản phẩm",
  "Db.BusinessObjects.SalesByCategory.ProductSales": "Doanh thu theo sản phẩm",
  "Enums.BusinessObjects.OrderShippingState.NotShipped": "Chưa giao hàng",
  "Enums.BusinessObjects.OrderShippingState.Shipped": "Đã giao hàng",
  "Forms.BusinessObjects.Customer.Categories.Address": "Địa chỉ",
  "Forms.BusinessObjects.Customer.Categories.Contact": "Liên hệ",
  "Forms.BusinessObjects.Customer.Categories.Details": "Chi tiết",
  "Forms.BusinessObjects.Customer.Categories.General": "Thông tin chung",
  "Forms.BusinessObjects.Order.Categories.Order": "Đơn hàng",
  "Forms.BusinessObjects.Order.Categories.Order Chi tiết": "Chi tiết đơn hàng",
  "Forms.BusinessObjects.Order.Categories.Order Details": "Chi tiết đơn hàng",
  "Forms.BusinessObjects.Order.Categories.Ship To": "Giao hàng đến",
  "Forms.BusinessObjects.Order.Categories.Ship Để": "Giao hàng đến",
  "Forms.BusinessObjects.Order.Categories.Shipping": "Vận chuyển",
  "Forms.BusinessObjects.Product.Categories.General": "Thông tin chung",
  "Forms.BusinessObjects.Product.Categories.Pricing": "Giá cả",
  "Forms.BusinessObjects.Product.Categories.Status": "Trạng thái",
  "Navigation.BusinessObjects": "Bán hàng",
  "Navigation.BusinessObjects/Categories": "Nhóm hàng",
  "Navigation.BusinessObjects/Customers": "Khách hàng",
  "Navigation.BusinessObjects/Employees": "Nhân viên",
  "Navigation.BusinessObjects/Orders": "Đơn hàng",
  "Navigation.BusinessObjects/Products": "Sản phẩm",
  "Navigation.BusinessObjects/Regions": "Khu vực",
  "Navigation.BusinessObjects/Shippers": "Đơn vị vận chuyển",
  "Navigation.BusinessObjects/Suppliers": "Nhà cung cấp",
  "Navigation.BusinessObjects/Territories": "Vùng miền",
  "Navigation.BusinessObjects/Reports": "Báo cáo",
  "Permission.BusinessObjects:": "Bán hàng:",
  "Permission.BusinessObjects: General": "Bán hàng: Chung",
  "Permission.BusinessObjects: Khách hàng": "Bán hàng: Khách hàng",
  "Permission.BusinessObjects: Khách hàng:": "Bán hàng: Khách hàng:",
  "Permission.BusinessObjects: Khách hàng: Sửa đổi": "Bán hàng: Khách hàng: Sửa đổi",
  "Permission.BusinessObjects: Khách hàng: Xem": "Bán hàng: Khách hàng: Xem",
  "Permission.BusinessObjects: Khách hàng: Xóa": "Bán hàng: Khách hàng: Xóa",
  "Permission.BusinessObjects:Customer": "Bán hàng: Khách hàng",
  "Permission.BusinessObjects:Customer:": "Bán hàng: Khách hàng:",
  "Permission.BusinessObjects:Customer:Delete": "Bán hàng: Khách hàng: Xóa",
  "Permission.BusinessObjects:Customer:Modify": "Bán hàng: Khách hàng: Thêm mới/Sửa đổi",
  "Permission.BusinessObjects:Customer:View": "Bán hàng: Khách hàng: Xem",
  "Permission.BusinessObjects:General": "Bán hàng: Chung",
  "Validation.BusinessObjectsPhone": "Số điện thoại phải được nhập đúng định dạng '(503) 555-9831'.",
  "Validation.BusinessObjectsPhoneMultiple": "Số điện thoại phải được nhập đúng định dạng '(503) 555-9831'. Nếu nhiều số phải được tách bằng dấu phẩy."
}