{
  "Db.BusinessObjects.Category.CategoryName": "Kategori Adı",
  "Db.BusinessObjects.Category.Description": "Açıklama",
  "Db.BusinessObjects.Category.EntityPlural": "Kategoriler",
  "Db.BusinessObjects.Category.EntitySingular": "Kategori",
  "Db.BusinessObjects.Category.Picture": "Resim",
  "Db.BusinessObjects.Customer.Address": "Adres",
  "Db.BusinessObjects.Customer.City": "Şehir",
  "Db.BusinessObjects.Customer.CompanyName": "Firma Adı",
  "Db.BusinessObjects.Customer.ContactName": "İlgili Kişi Adı",
  "Db.BusinessObjects.Customer.ContactTitle": "İlgili Kişi Unvanı",
  "Db.BusinessObjects.Customer.Country": "Ülke",
  "Db.BusinessObjects.Customer.CustomerID": "Müşteri Kodu",
  "Db.BusinessObjects.Customer.EntityPlural": "Müşteriler",
  "Db.BusinessObjects.Customer.EntitySingular": "Müşteri",
  "Db.BusinessObjects.Customer.Fax": "Faks",
  "Db.BusinessObjects.Customer.Phone": "Telefon",
  "Db.BusinessObjects.Customer.PostalCode": "Posta Kodu",
  "Db.BusinessObjects.Customer.Region": "Bölge",
  "Db.BusinessObjects.Employee.Address": "Adres",
  "Db.BusinessObjects.Employee.BirthDate": "Doğum Tarihi",
  "Db.BusinessObjects.Employee.City": "Şehir",
  "Db.BusinessObjects.Employee.Country": "Ülke",
  "Db.BusinessObjects.Employee.EntityPlural": "Personeller",
  "Db.BusinessObjects.Employee.EntitySingular": "Personel",
  "Db.BusinessObjects.Employee.Extension": "Dahili",
  "Db.BusinessObjects.Employee.FirstName": "Adı",
  "Db.BusinessObjects.Employee.FullName": "Adı Soyadı",
  "Db.BusinessObjects.Employee.HireDate": "İşe Giriş Tarihi",
  "Db.BusinessObjects.Employee.HomePhone": "Ev Telefonu",
  "Db.BusinessObjects.Employee.LastName": "Soyadı",
  "Db.BusinessObjects.Employee.Photo": "Fotoğraf",
  "Db.BusinessObjects.Employee.PhotoPath": "Fotoğraf Yolu",
  "Db.BusinessObjects.Employee.PostalCode": "Posta Kodu",
  "Db.BusinessObjects.Employee.Region": "Bölge",
  "Db.BusinessObjects.Employee.ReportsToFullName": "Amiri",
  "Db.BusinessObjects.Employee.Title": "Unvan",
  "Db.BusinessObjects.Employee.TitleOfCourtesy": "Nezaket Unvanı",
  "Db.BusinessObjects.Order.CustomerCompanyName": "Müşteri",
  "Db.BusinessObjects.Order.CustomerID": "Müşteri",
  "Db.BusinessObjects.Order.DetailList": "Sipariş Detayı",
  "Db.BusinessObjects.Order.EmployeeID": "Personel",
  "Db.BusinessObjects.Order.EmployeeName": "Personel",
  "Db.BusinessObjects.Order.EntityPlural": "Siparişler",
  "Db.BusinessObjects.Order.EntitySingular": "Sipariş",
  "Db.BusinessObjects.Order.Freight": "Ağırlık",
  "Db.BusinessObjects.Order.OrderDate": "Sipariş Tarihi",
  "Db.BusinessObjects.Order.OrderID": "Sipariş No",
  "Db.BusinessObjects.Order.RequiredDate": "İstenen Tarih",
  "Db.BusinessObjects.Order.ShipAddress": "Teslim Adresi",
  "Db.BusinessObjects.Order.ShipCity": "Teslim Şehir",
  "Db.BusinessObjects.Order.ShipCountry": "Teslim Ülke",
  "Db.BusinessObjects.Order.ShipName": "Teslim Adı",
  "Db.BusinessObjects.Order.ShippedDate": "Teslim Tarihi",
  "Db.BusinessObjects.Order.ShippingState": "Teslim Durumu",
  "Db.BusinessObjects.Order.ShipPostalCode": "Teslim Posta Kodu",
  "Db.BusinessObjects.Order.ShipRegion": "Teslim Bölgesi",
  "Db.BusinessObjects.Order.ShipVia": "Kargo Türü",
  "Db.BusinessObjects.Order.ShipViaCompanyName": "Kargo Türü",
  "Db.BusinessObjects.Order.ShipViaPhone": "Kargo Telefonu",
  "Db.BusinessObjects.OrderDetail.Discount": "İndirim",
  "Db.BusinessObjects.OrderDetail.EntityPlural": "Sİpariş Detayları",
  "Db.BusinessObjects.OrderDetail.EntitySingular": "Sipariş Detayı",
  "Db.BusinessObjects.OrderDetail.LineTotal": "Satır Toplamı",
  "Db.BusinessObjects.OrderDetail.ProductID": "Ürün Adı",
  "Db.BusinessObjects.OrderDetail.ProductName": "Ürün Adı",
  "Db.BusinessObjects.OrderDetail.Quantity": "Miktar",
  "Db.BusinessObjects.OrderDetail.UnitPrice": "Birim Fiyat",
  "Db.BusinessObjects.Product.CategoryName": "Kategori",
  "Db.BusinessObjects.Product.Discontinued": "Tedarik Edilemiyor",
  "Db.BusinessObjects.Product.EntityPlural": "Ürünler",
  "Db.BusinessObjects.Product.EntitySingular": "Ürün",
  "Db.BusinessObjects.Product.ProductID": "Ürün ID",
  "Db.BusinessObjects.Product.ProductImage": "Ürün Resmi",
  "Db.BusinessObjects.Product.ProductName": "Ürün Adı",
  "Db.BusinessObjects.Product.QuantityPerUnit": "Birim Başına Miktar",
  "Db.BusinessObjects.Product.ReorderLevel": "Azami Sipariş Seviyesi",
  "Db.BusinessObjects.Product.SupplierCompanyName": "Tedarikçi",
  "Db.BusinessObjects.Product.UnitPrice": "Birim Fiyatı",
  "Db.BusinessObjects.Product.UnitsInStock": "Stok Miktarı",
  "Db.BusinessObjects.Product.UnitsOnOrder": "Sipariş Miktarı",
  "Db.BusinessObjects.Region.EntityPlural": "Ana Bölgeler",
  "Db.BusinessObjects.Region.EntitySingular": "Ana Bölge",
  "Db.BusinessObjects.Region.RegionDescription": "Ana Bölge Adı",
  "Db.BusinessObjects.Region.RegionID": "Ana Bölge No",
  "Db.BusinessObjects.Shipper.CompanyName": "Firma Adı",
  "Db.BusinessObjects.Shipper.EntityPlural": "Kargo Firmaları",
  "Db.BusinessObjects.Shipper.EntitySingular": "Kargo Firması",
  "Db.BusinessObjects.Shipper.Phone": "Telefon",
  "Db.BusinessObjects.Supplier.Address": "Adres",
  "Db.BusinessObjects.Supplier.City": "Şehir",
  "Db.BusinessObjects.Supplier.CompanyName": "Firma Adı",
  "Db.BusinessObjects.Supplier.ContactName": "İlgili Adı",
  "Db.BusinessObjects.Supplier.ContactTitle": "İlgili Unvanı",
  "Db.BusinessObjects.Supplier.Country": "Ülke",
  "Db.BusinessObjects.Supplier.EntityPlural": "Tedarikçiler",
  "Db.BusinessObjects.Supplier.EntitySingular": "Tedarikçi",
  "Db.BusinessObjects.Supplier.Fax": "Faks",
  "Db.BusinessObjects.Supplier.HomePage": "İnternet Adresi",
  "Db.BusinessObjects.Supplier.Phone": "Telefon",
  "Db.BusinessObjects.Supplier.PostalCode": "Posta Kodu",
  "Db.BusinessObjects.Supplier.Region": "Bölge",
  "Db.BusinessObjects.Territory.EntityPlural": "Alt Bölgeler",
  "Db.BusinessObjects.Territory.EntitySingular": "Alt Bölge",
  "Db.BusinessObjects.Territory.RegionDescription": "Ana Bölge Adı",
  "Db.BusinessObjects.Territory.TerritoryDescription": "Alt Bölge Adı",
  "Db.BusinessObjects.Territory.TerritoryID": "Alt Bölge No",
  "Enums.BusinessObjects.OrderShippingState.NotShipped": "Teslim Edilmedi",
  "Enums.BusinessObjects.OrderShippingState.Shipped": "Teslim Edildi",
  "Forms.BusinessObjects.Customer.Categories.Address": "Adres",
  "Forms.BusinessObjects.Customer.Categories.Contact": "İlgili Kişi",
  "Forms.BusinessObjects.Customer.Categories.General": "Genel",
  "Forms.BusinessObjects.Order.Categories.Order": "Sipariş",
  "Forms.BusinessObjects.Order.Categories.Order Details": "Sipariş Detayları",
  "Forms.BusinessObjects.Order.Categories.Ship To": "Teslim Yeri",
  "Forms.BusinessObjects.Order.Categories.Shipping": "Teslimat",
  "Forms.BusinessObjects.Product.Categories.General": "Genel",
  "Forms.BusinessObjects.Product.Categories.Pricing": "Fiyatlandırma",
  "Forms.BusinessObjects.Product.Categories.Status": "Stok Durumu",
  "Navigation.BusinessObjects": "BusinessObjects",
  "Navigation.BusinessObjects/Categories": "Kategoriler",
  "Navigation.BusinessObjects/Customers": "Müşteriler",
  "Navigation.BusinessObjects/Employees": "Personeller",
  "Navigation.BusinessObjects/Orders": "Siparişler",
  "Navigation.BusinessObjects/Products": "Ürünler",
  "Navigation.BusinessObjects/Regions": "Ana Bölgeler",
  "Navigation.BusinessObjects/Shippers": "Kargo Firmaları",
  "Navigation.BusinessObjects/Suppliers": "Tedarikçiler",
  "Navigation.BusinessObjects/Territories": "Alt Bölgeler",
  "Permission.BusinessObjects:": "BusinessObjects",
  "Permission.BusinessObjects:Customer:": "Müşteriler",
  "Permission.BusinessObjects:Customer:Delete": "Silme",
  "Permission.BusinessObjects:Customer:Modify": "Oluşturma/Güncelleme",
  "Permission.BusinessObjects:Customer:View": "Görüntüleme",
  "Permission.BusinessObjects:General": "[Genel]",
  "Validation.BusinessObjectsPhone": "Telefon numaraları '(503) 555-9831' formatında girilmelidir.",
  "Validation.BusinessObjectsPhoneMultiple": "Telefon numaraları '(503) 555-9831' formatında ve birden fazlaysa virgülle ayrılarak girilmelidir."
}