{
    "Db.BusinessObjects.Category.CategoryID": "Id",
    "Db.BusinessObjects.Category.CategoryName": "Name",
    "Db.BusinessObjects.Category.Description": "Beschreibung",
    "Db.BusinessObjects.Category.EntityPlural": "Kategorien",
    "Db.BusinessObjects.Category.EntitySingular": "Kategorie",
    "Db.BusinessObjects.Category.Picture": "Bild",
    "Db.BusinessObjects.Customer.Address": "Adresse",
    "Db.BusinessObjects.Customer.City": "Stadt",
    "Db.BusinessObjects.Customer.CompanyName": "Firma",
    "Db.BusinessObjects.Customer.ContactName": "Kontakt",
    "Db.BusinessObjects.Customer.ContactTitle": "Anrede",
    "Db.BusinessObjects.Customer.Country": "Staat",
    "Db.BusinessObjects.Customer.CustomerID": "Kundennummer",
    "Db.BusinessObjects.Customer.EntityPlural": "Kunden",
    "Db.BusinessObjects.Customer.EntitySingular": "Kunde",
    "Db.BusinessObjects.Customer.Fax": "Fax",
    "Db.BusinessObjects.Customer.ID": "Id",
    "Db.BusinessObjects.Customer.Phone": "Telefon",
    "Db.BusinessObjects.Customer.PostalCode": "PLZ",
    "Db.BusinessObjects.Customer.Region": "Bundesland",
    "Db.BusinessObjects.CustomerCustomerDemo.CustomerAddress": "Adresse",
    "Db.BusinessObjects.CustomerCustomerDemo.CustomerCity": "Stadt",
    "Db.BusinessObjects.CustomerCustomerDemo.CustomerCompanyName": "Firma",
    "Db.BusinessObjects.CustomerCustomerDemo.CustomerContactName": "Kontakt",
    "Db.BusinessObjects.CustomerCustomerDemo.CustomerContactTitle": "Anrede",
    "Db.BusinessObjects.CustomerCustomerDemo.CustomerCountry": "Staat",
    "Db.BusinessObjects.CustomerCustomerDemo.CustomerFax": "Fax",
    "Db.BusinessObjects.CustomerCustomerDemo.CustomerID": "Kunden-Id",
    "Db.BusinessObjects.CustomerCustomerDemo.CustomerPhone": "Telefon",
    "Db.BusinessObjects.CustomerCustomerDemo.CustomerPostalCode": "PLZ",
    "Db.BusinessObjects.CustomerCustomerDemo.CustomerRegion": "Bundesland",
    "Db.BusinessObjects.CustomerCustomerDemo.CustomerTypeCustomerDesc": "Kundentyp",
    "Db.BusinessObjects.CustomerCustomerDemo.CustomerTypeID": "Kundentyp-Id",
    "Db.BusinessObjects.CustomerCustomerDemo.ID": "Id",
    "Db.BusinessObjects.CustomerDemographic.CustomerDesc": "Beschreibung",
    "Db.BusinessObjects.CustomerDemographic.CustomerTypeID": "Kundentyp-Id",
    "Db.BusinessObjects.CustomerDemographic.ID": "Id",
    "Db.BusinessObjects.Employee.Address": "Adresse",
    "Db.BusinessObjects.Employee.BirthDate": "Geburtsdatum",
    "Db.BusinessObjects.Employee.City": "Stadt",
    "Db.BusinessObjects.Employee.Country": "Staat",
    "Db.BusinessObjects.Employee.EmployeeID": "Mitarbeiter Id",
    "Db.BusinessObjects.Employee.EntityPlural": "Mitarbeiter",
    "Db.BusinessObjects.Employee.EntitySingular": "Mitarbeiter",
    "Db.BusinessObjects.Employee.Extension": "Erweiterung",
    "Db.BusinessObjects.Employee.FirstName": "Vorname",
    "Db.BusinessObjects.Employee.FullName": "Kompletter Name",
    "Db.BusinessObjects.Employee.Gender": "Geschlecht",
    "Db.BusinessObjects.Employee.HireDate": "Einstellungsdatum",
    "Db.BusinessObjects.Employee.HomePhone": "Telefon (privat)",
    "Db.BusinessObjects.Employee.LastName": "Nachname",
    "Db.BusinessObjects.Employee.Notes": "Notizen",
    "Db.BusinessObjects.Employee.Photo": "Foto",
    "Db.BusinessObjects.Employee.PhotoPath": "Fotopfad",
    "Db.BusinessObjects.Employee.PostalCode": "PLZ",
    "Db.BusinessObjects.Employee.Region": "Bundesland",
    "Db.BusinessObjects.OrderDetail.Quantity": "Menge",
    "Db.BusinessObjects.OrderDetail.UnitPrice": "Preis",
    "Db.BusinessObjects.Product.CategoryDescription": "Beschreibung der Kategorie",
    "Db.BusinessObjects.Product.CategoryID": "Kategorie-Id",
    "Db.BusinessObjects.Product.CategoryName": "Name der Kategorie",
    "Db.BusinessObjects.Product.CategoryPicture": "Kategoriebild",
    "Db.BusinessObjects.Product.Discontinued": "Stillgelegt",
    "Db.BusinessObjects.Product.EntityPlural": "Produkte",
    "Db.BusinessObjects.Product.EntitySingular": "Produkt",
    "Db.BusinessObjects.Product.ProductID": "Id",
    "Db.BusinessObjects.Product.ProductImage": "Bild",
    "Db.BusinessObjects.Product.ProductName": "Name",
    "Db.BusinessObjects.Product.QuantityPerUnit": "Mengeneinheit",
    "Db.BusinessObjects.Product.ReorderLevel": "Meldebestand",
    "Enums.BusinessObjects.OrderShippingState.NotShipped": "Nicht geliefert",
    "Enums.BusinessObjects.OrderShippingState.Shipped": "Geliefert",
    "Forms.BusinessObjects.Customer.Categories.Address": "Adresse",
    "Forms.BusinessObjects.Customer.Categories.Contact": "Kontakt",
    "Forms.BusinessObjects.Customer.Categories.General": "Allgemein",
    "Forms.BusinessObjects.Order.Categories.Order": "Bestellung",
    "Forms.BusinessObjects.Order.Categories.Order Details": "Bestelldetails",
    "Forms.BusinessObjects.Order.Categories.Ship To": "Lieferadresse",
    "Forms.BusinessObjects.Order.Categories.Shipping": "Lieferung",
    "Forms.BusinessObjects.Product.Categories.General": "Allgemein",
    "Forms.BusinessObjects.Product.Categories.Pricing": "Preis",
    "Forms.BusinessObjects.Product.Categories.Status": "Status",
    "Navigation.BusinessObjects": "BusinessObjects",
    "Navigation.BusinessObjects/Categories": "Kategorien",
    "Navigation.BusinessObjects/Customers": "Kunden",
    "Navigation.BusinessObjects/Employees": "Mitarbeiter",
    "Navigation.BusinessObjects/Orders": "Bestellungen",
    "Navigation.BusinessObjects/Products": "Produkte",
    "Navigation.BusinessObjects/Regions": "Bundesländer",
    "Navigation.BusinessObjects/Shippers": "Lieferdienste",
    "Navigation.BusinessObjects/Suppliers": "Lieferanten",
    "Navigation.BusinessObjects/Territories": "Orte",
    "Permission.BusinessObjects:Customer": "Kunden",
    "Permission.BusinessObjects:Customer:Delete": "Löschen",
    "Permission.BusinessObjects:Customer:Modify": "Erstellen/Ändern",
    "Permission.BusinessObjects:Customer:View": "Ansicht",
    "Permission.BusinessObjects:General": "[Allgemein]",
    "Site.RolePermissionDialog.DialogTitle": "Rollenberechtigungen bearbeiten ({0})",
    "Site.RolePermissionDialog.EditButton": "Berechtigungen bearbeiten",
    "Site.RolePermissionDialog.SaveSuccess": "Änderungen an den Rollenberechtigungen gespeichert.",
    "Site.UserDialog.EditPermissionsButton": "Berechtigungen bearbeiten",
    "Site.UserDialog.EditRolesButton": "Rollen bearbeiten",
    "Site.UserPermissionDialog.DialogTitle": "Benutzerberechtigungen bearbeiten ({0})",
    "Site.UserPermissionDialog.Grant": "Bewilligen",
    "Site.UserPermissionDialog.Permission": "Berechtigung",
    "Site.UserPermissionDialog.Revoke": "Entziehen",
    "Site.UserPermissionDialog.SaveSuccess": "Änderungen an den Benutzerberechtigungen gespeichert.",
    "Site.UserRoleDialog.DialogTitle": "Benutzerrollen bearbeiten ({0})",
    "Site.UserRoleDialog.SaveSuccess": "Änderungen an den Benutzerrollen gespeichert.",
    "Site.ValidationError.Title": "FEHLER",
    "Validation.BusinessObjectsPhone": "Telefonnummern müssen in folgendem Format angegeben werden: '(503) 555-9831'.",
    "Validation.BusinessObjectsPhoneMultiple": "Telefonnummern müssen in folgendem Format angegeben werden: '(503) 555-9831'. Mehrere Nummern können mittels Beistrich getrennt werden."
}